Post_ID,src_org,place,place_type,source
DWjdIZtjHgI,wwfnamibia,NamibRand,park,gazetteer
DWjdIZtjHgI,wwfnamibia,Windhoek,town,gazetteer
DWjdIZtjHgI,wwfnamibia,Namib,feature,gazetteer
DWjdIZtjHgI,wwfnamibia,Namibia,country,gazetteer
DWW4P-5CLtE,ministry_of_environment_nam,Windhoek,town,gazetteer
DWW4P-5CLtE,ministry_of_environment_nam,Namibia,country,gazetteer
DWUhj7VjtYE,ministry_of_environment_nam,Namibia,country,gazetteer
DRUGF9ajCli,youth4can_namibia,Oshana,region,gazetteer
DRUGF9ajCli,youth4can_namibia,Namibia,country,gazetteer
DUxWaDAiHXN,nacso_namibia1,Kunene,region,gazetteer
DUxWaDAiHXN,nacso_namibia1,Zambezi,region,gazetteer
DUxWaDAiHXN,nacso_namibia1,Kavango,region,gazetteer
DUxWaDAiHXN,nacso_namibia1,Kwando,feature,gazetteer
DUxWaDAiHXN,nacso_namibia1,Namibia,country,gazetteer
DVAe29YCKEl,nacso_namibia1,Namibia,country,gazetteer
DXgfcC4CBh-,ministry_of_environment_nam,Namibia,country,gazetteer
DUx-o2qCL2l,nacso_namibia1,Walvis Bay,town,gazetteer
DUx-o2qCL2l,nacso_namibia1,Namibia,country,gazetteer
DXmxhmVDVZm,giraffe_conservation,Etosha,park,gazetteer
DVGf_p2iJ72,nacso_namibia1,Namibia,country,gazetteer
DXqj3iSiA-v,ministry_of_environment_nam,Windhoek,town,gazetteer
DVvS2FYjO4c,wwfnamibia,Bwabwata,park,gazetteer
DVvS2FYjO4c,wwfnamibia,Namibia,country,gazetteer
DXhEfFxiKkR,ministry_of_environment_nam,Windhoek,town,gazetteer
DXhEfFxiKkR,ministry_of_environment_nam,Namibia,country,gazetteer
DXhEfFxiKkR,ministry_of_environment_nam,Botswana,country,gazetteer
DU2f6MXjhAG,savetherhinonamibia,Kunene,region,gazetteer
DU2f6MXjhAG,savetherhinonamibia,Namibia,country,gazetteer
DUh5k2lAUk4,savetherhinonamibia,Kunene,region,gazetteer
DUh5k2lAUk4,savetherhinonamibia,Namibia,country,gazetteer
DVIyH5WjD2M,wwfnamibia,Namibia,country,gazetteer
DVYvpYOjOdh,wwfnamibia,Namibia,country,gazetteer
DVa3opXjgA4,savetherhinonamibia,Namibia,country,gazetteer
DVF8oQhjpcp,savetherhinonamibia,Kunene,region,gazetteer
DVF8oQhjpcp,savetherhinonamibia,Namibia,country,gazetteer
DUP4CreEVt1,savetherhinonamibia,South Africa,country,gazetteer
DVskknKErzC,savetherhinonamibia,Kunene,region,gazetteer
DVskknKErzC,savetherhinonamibia,Namibia,country,gazetteer
DXJwT-bjkEW,gobabeb,Gobabeb,place,gazetteer
DWQnsyXjpjb,savetherhinonamibia,Kunene,region,gazetteer
DWQnsyXjpjb,savetherhinonamibia,Namibia,country,gazetteer
DWws0QXjeph,giraffe_conservation,Namibia,country,gazetteer
DVX-MaIDs-A,savetherhinonamibia,Namibia,country,gazetteer
DU8LQZCDHZD,wwfnamibia,Namibia,country,gazetteer
DWgEfuPDuiu,savetherhinonamibia,Kunene,region,gazetteer
DWgEfuPDuiu,savetherhinonamibia,Erongo,region,gazetteer
DWgEfuPDuiu,savetherhinonamibia,Namibia,country,gazetteer
DXMoBOzDnXM,gobabeb,Gobabeb,place,gazetteer
DXMoBOzDnXM,gobabeb,Namibia,country,gazetteer
DXWs260ldFZ,gobabeb,Gobabeb,place,gazetteer
DXWs260ldFZ,gobabeb,Namib Desert,feature,gazetteer
DXWs260ldFZ,gobabeb,Namib,feature,gazetteer
DXWs260ldFZ,gobabeb,Namibia,country,gazetteer
DTfkmjZiIqB,nacso_namibia1,Windhoek,town,gazetteer
DTfkmjZiIqB,nacso_namibia1,Namibia,country,gazetteer
DTxc-x1iMoN,nacso_namibia1,Namibia,country,gazetteer
DW4hFLgDm7x,ministry_of_environment_nam,Windhoek,town,gazetteer
DXHaZrliNMl,ministry_of_environment_nam,Windhoek,town,gazetteer
DXHaZrliNMl,ministry_of_environment_nam,Namibia,country,gazetteer
DXCNPQDCMkN,ministry_of_environment_nam,Hardap,region,gazetteer
DXCNPQDCMkN,ministry_of_environment_nam,Etosha,park,gazetteer
DXMfT__iL4g,ministry_of_environment_nam,Namibia,country,gazetteer
DXCM5WvCK1G,ministry_of_environment_nam,Windhoek,town,gazetteer
DSJ-pEaCZpG,savetherhinonamibia,Namibia,country,gazetteer
DXOusaviOJN,ministry_of_environment_nam,Windhoek,town,gazetteer
DXOusaviOJN,ministry_of_environment_nam,Namibia,country,gazetteer
DSRtCbRj9Wv,savetherhinonamibia,Namibia,country,gazetteer
DSJ-qKtlVzK,savetherhinonamibia,Namibia,country,gazetteer
DXcTP6pCFgr,ministry_of_environment_nam,Windhoek,town,gazetteer
DXcTP6pCFgr,ministry_of_environment_nam,Namibia,country,gazetteer
DSetnWpEdUz,savetherhinonamibia,Namibia,country,gazetteer
DXLzm_7CPil,ministry_of_environment_nam,Windhoek,town,gazetteer
DXLzm_7CPil,ministry_of_environment_nam,Namibia,country,gazetteer
DXb9mmtiBmy,ministry_of_environment_nam,Windhoek,town,gazetteer
DXb9mmtiBmy,ministry_of_environment_nam,Namibia,country,gazetteer
DXPSz7wCFzY,ministry_of_environment_nam,Windhoek,town,gazetteer
DRPdL0MjNdg,desertlionconservation,Skeleton Coast,park,gazetteer
DRPdL0MjNdg,desertlionconservation,Windhoek,town,gazetteer
DRPdL0MjNdg,desertlionconservation,Swakopmund,town,gazetteer
DRPdL0MjNdg,desertlionconservation,Namibia,country,gazetteer
DXfEn4XjoXB,desertlionconservation,Skeleton Coast,park,gazetteer
DQrx5BLD64o,savetherhinonamibia,Namibia,country,gazetteer
DRKRMspjOJr,nacso_namibia1,Namibia,country,gazetteer
DRPZSnICLAt,nacso_namibia1,Namibia,country,gazetteer
DROvNLoDNmc,namibia_nature_foundation,Windhoek,town,gazetteer
DROvNLoDNmc,namibia_nature_foundation,Namibia,country,gazetteer
DRNXF-BgS9b,savetherhinonamibia,Namibia,country,gazetteer
DXxKLyiGcYl,ccfcheetah,Namibia,country,gazetteer
DXGjtBPFtcW,naankuse_foundation,Namib,feature,gazetteer
DXEY-ltlqzA,naankuse_foundation,Omusati,region,gazetteer
DXO2wrHFpDS,naankuse_foundation,Namibia,country,gazetteer
DXWIgNFloaI,naankuse_foundation,Namibia,country,gazetteer
DWMpye-jTwn,giraffe_conservation,Khomas,region,gazetteer
DR2Pq0aDO16,africat_foundation,Okonjima,place,gazetteer
DR2Pq0aDO16,africat_foundation,Namibia,country,gazetteer
DSpvIk3DMXZ,africat_foundation,Okonjima,place,gazetteer
DXe7m2rEo4m,ccfcheetah,Etosha,park,gazetteer
DXe7m2rEo4m,ccfcheetah,Swakopmund,town,gazetteer
DXe7m2rEo4m,ccfcheetah,Sossusvlei,place,gazetteer
DXe7m2rEo4m,ccfcheetah,Namibia,country,gazetteer
DW3oE3qFjbF,naankuse_foundation,Namibia,country,gazetteer
DSVJ6XUDP5G,africat_foundation,Okonjima,place,gazetteer
DSVJ6XUDP5G,africat_foundation,Namibia,country,gazetteer
DSVJ6XUDP5G,africat_foundation,Botswana,country,gazetteer
DSVJ6XUDP5G,africat_foundation,South Africa,country,gazetteer
DS2oMpeDIjB,africat_foundation,Okonjima,place,gazetteer
DTGPqHUjOPo,africat_foundation,Okonjima,place,gazetteer
DW6aWEHllsp,naankuse_foundation,Windhoek,town,gazetteer
DW6aWEHllsp,naankuse_foundation,Namibia,country,gazetteer
DU-bZq3inWr,namyouthchamber,Namibia,country,gazetteer
DVMRx8yCMbB,giraffe_conservation,Etosha,park,gazetteer
DVMRx8yCMbB,giraffe_conservation,Namibia,country,gazetteer
DTQXoYHDNgM,africat_foundation,Okonjima,place,gazetteer
DTQXoYHDNgM,africat_foundation,Namibia,country,gazetteer
DXVdVqvGBrZ,ccfcheetah,Namibia,country,gazetteer
DSFsknpDGEy,africat_foundation,Namibia,country,gazetteer
DVtL7Z1Cgjg,namyouthchamber,Windhoek,town,gazetteer
DVtL7Z1Cgjg,namyouthchamber,Namibia,country,gazetteer
DWcGfdLjB95,naankuse_foundation,Omaheke,region,gazetteer
DWcGfdLjB95,naankuse_foundation,Namibia,country,gazetteer
DV1elZ8D0VV,naankuse_foundation,Namibia,country,gazetteer
DT-JQYiimAB,namyouthchamber,Namib Desert,feature,gazetteer
DT-JQYiimAB,namyouthchamber,Namib,feature,gazetteer
DT-JQYiimAB,namyouthchamber,Namibia,country,gazetteer
DT98qQrCBCZ,namibia_nature_foundation,Windhoek,town,gazetteer
DT98qQrCBCZ,namibia_nature_foundation,Swakopmund,town,gazetteer
DWMpxKqjnAZ,naankuse_foundation,Namib,feature,gazetteer
DWMpxKqjnAZ,naankuse_foundation,Namibia,country,gazetteer
DUQylVEiPWw,namibia_nature_foundation,Windhoek,town,gazetteer
DUQylVEiPWw,namibia_nature_foundation,Swakopmund,town,gazetteer
DUQylVEiPWw,namibia_nature_foundation,Namibia,country,gazetteer
DV9M4tnAc73,naankuse_foundation,Omaheke,region,gazetteer
DV9M4tnAc73,naankuse_foundation,Namibia,country,gazetteer
DV4Db60iEI4,naankuse_foundation,Windhoek,town,gazetteer
DV4Db60iEI4,naankuse_foundation,Namibia,country,gazetteer
DWE0qc5Evit,naankuse_foundation,Windhoek,town,gazetteer
DWE0qc5Evit,naankuse_foundation,Namibia,country,gazetteer
DU5v6CKCn_O,namyouthchamber,Etosha,park,gazetteer
DU5v6CKCn_O,namyouthchamber,Namibia,country,gazetteer
DWHgK_VkmUt,naankuse_foundation,Namibia,country,gazetteer
DWI5bFigUef,naankuse_foundation,Namibia,country,gazetteer
DUoOpqdjEUM,giraffe_conservation,Namib Desert,feature,gazetteer
DUoOpqdjEUM,giraffe_conservation,Namib,feature,gazetteer
DV1RBwxDDEe,naankuse_foundation,Swakopmund,town,gazetteer
DV1RBwxDDEe,naankuse_foundation,Namibia,country,gazetteer
DXB-DjOjmZ2,ccfcheetah,Namibia,country,gazetteer
DXMiL7jjXgk,ccfcheetah,Namibia,country,gazetteer
DRFUHr8DPls,africat_foundation,Okonjima,place,gazetteer
DRFUHr8DPls,africat_foundation,Namibia,country,gazetteer
DQuKrLZDCfh,africat_foundation,Namibia,country,gazetteer
DRkL8DrjBZz,africat_foundation,Okonjima,place,gazetteer
DRkL8DrjBZz,africat_foundation,Namibia,country,gazetteer
DTibOjAjHCe,africat_foundation,Okonjima,place,gazetteer
DTibOjAjHCe,africat_foundation,Namibia,country,gazetteer
DRhp-g_DJMg,africat_foundation,Okonjima,place,gazetteer
DRhp-g_DJMg,africat_foundation,Namibia,country,gazetteer
DVimfKujWUT,tosconamibia,Namibia,country,gazetteer
DQ4iGjBjLUz,namyouthchamber,Etosha,park,gazetteer
DQ4iGjBjLUz,namyouthchamber,Skeleton Coast,park,gazetteer
DQ4iGjBjLUz,namyouthchamber,Namibia,country,gazetteer
DRP35sUjLR6,namyouthchamber,Namibia,country,gazetteer
DQ87jsuDEw5,namyouthchamber,Zambezi,region,gazetteer
DQ87jsuDEw5,namyouthchamber,Namibia,country,gazetteer
DWURr-cDbzB,tosconamibia,Namibia,country,gazetteer
DVen7U1DDSX,naankuse_foundation,Namibia,country,gazetteer
DWW44aTDSt2,tosconamibia,Kavango,region,gazetteer
DWW44aTDSt2,tosconamibia,Namibia,country,gazetteer
DWouAPSEVB9,ccfcheetah,Waterberg,park,gazetteer
DWouAPSEVB9,ccfcheetah,Namibia,country,gazetteer
DRj_EEGDNma,namyouthchamber,Oshikoto,region,gazetteer
DV1dpcLjf4m,tosconamibia,Namibia,country,gazetteer
DWaZbb-D-L5,ccfcheetah,Namibia,country,gazetteer
DVqo_9BgVKV,naankuse_foundation,Omaheke,region,gazetteer
DVqo_9BgVKV,naankuse_foundation,Namibia,country,gazetteer
DWsMJvfjOo5,ccfcheetah,Namibia,country,gazetteer
DRKInR5DE1a,namyouthchamber,Windhoek,town,gazetteer
DRKInR5DE1a,namyouthchamber,Namibia,country,gazetteer
DUDf5d4DUm_,tosconamibia,Namibia,country,gazetteer
DVyJnZlDMPe,naankuse_foundation,Namibia,country,gazetteer
DVmCpq8jAER,naankuse_foundation,Namibia,country,gazetteer
DWWv0b4kmFB,ccfcheetah,Zambezi,region,gazetteer
DWWv0b4kmFB,ccfcheetah,Kavango,region,gazetteer
DWWv0b4kmFB,ccfcheetah,Namibia,country,gazetteer
DWWv0b4kmFB,ccfcheetah,Angola,country,gazetteer
DWWv0b4kmFB,ccfcheetah,Botswana,country,gazetteer
DWWv0b4kmFB,ccfcheetah,South Africa,country,gazetteer
DReQDwTDOOM,namyouthchamber,Namibia,country,gazetteer
DVrBQE7jEWE,naankuse_foundation,Namibia,country,gazetteer
DVwVD1GjiEL,naankuse_foundation,Namib Desert,feature,gazetteer
DVwVD1GjiEL,naankuse_foundation,Namib,feature,gazetteer
DVy5ucnCAYI,naankuse_foundation,Namibia,country,gazetteer
DS0W5kkD2zk,giraffe_conservation,Khomas,region,gazetteer
DS0W5kkD2zk,giraffe_conservation,Namibia,country,gazetteer
DVthvBkjAAF,naankuse_foundation,Namibia,country,gazetteer
DU-ncR0jTOc,tosconamibia,Namibia,country,gazetteer
DTGYcjdjeVp,giraffe_conservation,Zambezi,region,gazetteer
DTGYcjdjeVp,giraffe_conservation,Nkasa Rupara,park,gazetteer
DTGYcjdjeVp,giraffe_conservation,Kwando,feature,gazetteer
DTGYcjdjeVp,giraffe_conservation,Namibia,country,gazetteer
DTGYcjdjeVp,giraffe_conservation,Botswana,country,gazetteer
DTgIY48D2Bx,giraffe_conservation,Zambezi,region,gazetteer
DTgIY48D2Bx,giraffe_conservation,Kavango,region,gazetteer
DTOG1rZj1Wf,giraffe_conservation,Etosha,park,gazetteer
DTOG1rZj1Wf,giraffe_conservation,Namibia,country,gazetteer
DU59lkXjDeX,africat_foundation,Okonjima,place,gazetteer
DVJlhV9DD_m,naankuse_foundation,Namibia,country,gazetteer
DWOuG89jwy0,ccfcheetah,Namibia,country,gazetteer
DVBDGWRjKFU,naankuse_foundation,Namibia,country,gazetteer
DVHILyij3Ej,naankuse_foundation,Kalahari,feature,gazetteer
DVHILyij3Ej,naankuse_foundation,Namibia,country,gazetteer
DRz_BrsjG0U,giraffe_conservation,South Africa,country,gazetteer
DVv5Vyeje89,ccfcheetah,Namibia,country,gazetteer
DVavhOlDFHe,naankuse_foundation,Namibia,country,gazetteer
DRsQo-BARQL,giraffe_conservation,Namibia,country,gazetteer
DVO3p9GDGew,naankuse_foundation,Namibia,country,gazetteer
DWAqKGpkuSD,ccfcheetah,Namibia,country,gazetteer
DXG8IUMDeZj,ongavagamereserve,Namibia,country,gazetteer
DXO2QOUln2I,ongavagamereserve,Namibia,country,gazetteer
DUtRbGeCDvW,naankuse_foundation,Namibia,country,gazetteer
DXWUuVLiluH,namibia_nature_foundation,Namibia,country,gazetteer
DXLyjUAjZ73,namibia_nature_foundation,Windhoek,town,gazetteer
DXWhPTbE16s,namibia_nature_foundation,Windhoek,town,gazetteer
DXWhPTbE16s,namibia_nature_foundation,Namibia,country,gazetteer
DXTqzuxjCXj,ehranamibia,Kunene,region,gazetteer
DV_Pa2ujuyN,ongavagamereserve,Etosha,park,gazetteer
DV_Pa2ujuyN,ongavagamereserve,Namibia,country,gazetteer
DU0pr3KjK2K,naankuse_foundation,Swakopmund,town,gazetteer
DUk1QjjDDWR,naankuse_foundation,Namibia,country,gazetteer
DXbqi4PDIfu,ehranamibia,Namibia,country,gazetteer
DWyTxceDHN1,ehranamibia,Etosha,park,gazetteer
DU_MJCCghr8,naankuse_foundation,Namibia,country,gazetteer
DU0kTVJiYGd,naankuse_foundation,Windhoek,town,gazetteer
DU8KNrLDLWc,naankuse_foundation,Namibia,country,gazetteer
DVXZSXLDLb0,ccfcheetah,Namibia,country,gazetteer
DVqtQN1Deaf,ccfcheetah,Waterberg,park,gazetteer
DVqtQN1Deaf,ccfcheetah,Namibia,country,gazetteer
DRaPEBQjOK7,giraffe_conservation,Namibia,country,gazetteer
DVRbbXIiHaN,naankuse_foundation,Namibia,country,gazetteer
DVgPtlCDbl3,ongavagamereserve,Namibia,country,gazetteer
DVSdPEfDGlm,ccfcheetah,Namibia,country,gazetteer
DVTW8GMjZim,ongavagamereserve,Etosha,park,gazetteer
DQpT_FHjeeA,giraffe_conservation,Etosha,park,gazetteer
DQpT_FHjeeA,giraffe_conservation,Namibia,country,gazetteer
DV8bdWGGfP1,ehranamibia,Damaraland,region,gazetteer
DV8bdWGGfP1,ehranamibia,Namibia,country,gazetteer
DUtUiVNjyqn,ccfcheetah,Namibia,country,gazetteer
DVGseIDDyuy,ccfcheetah,Kunene,region,gazetteer
DVGseIDDyuy,ccfcheetah,Namibia,country,gazetteer
DWMOLvjI0E1,ehranamibia,Namibia,country,gazetteer
DWOp8pRgrY-,namibia_nature_foundation,Zambezi,region,gazetteer
DVKnOCFkeoh,ccfcheetah,Waterberg,park,gazetteer
DVKnOCFkeoh,ccfcheetah,Namibia,country,gazetteer
DWI1jSjCECU,namibia_nature_foundation,Namibia,country,gazetteer
DVRh1txjwyW,ccfcheetah,Namibia,country,gazetteer
DWlx5zxDR9z,namibia_nature_foundation,Namibia,country,gazetteer
DWW2_T3iBZt,ministry_of_environment_nam,Windhoek,town,gazetteer
DXJDgC_j8QH,namibia_nature_foundation,Namibia,country,gazetteer
DXG_Rg6gKjW,namibia_nature_foundation,Namibia,country,gazetteer
DXGuQgdClUM,namibia_nature_foundation,Namibia,country,gazetteer
DV3ClNUjpXi,ongavagamereserve,Namibia,country,gazetteer
DWYWQYjjZtc,gobabeb,Gobabeb,place,gazetteer
DWa67ppjZEz,gobabeb,Gobabeb,place,gazetteer
DWgIriWDQxg,gobabeb,Namib,feature,gazetteer
DWlOT-GDX6g,gobabeb,Namib Desert,feature,gazetteer
DWlOT-GDX6g,gobabeb,Namib,feature,gazetteer
DVgC6V2ioa5,gobabeb,Namib-Naukluft,park,gazetteer
DVgC6V2ioa5,gobabeb,Gobabeb,place,gazetteer
DVgC6V2ioa5,gobabeb,Namib,feature,gazetteer
DVTDeXjjmMZ,gobabeb,Namibia,country,gazetteer
DU50x96jR1d,gobabeb,Gobabeb,place,gazetteer
DU50x96jR1d,gobabeb,Namib,feature,gazetteer
DVyESaDDdiT,gobabeb,Gobabeb,place,gazetteer
DVI864ZjNsa,gobabeb,Gobabeb,place,gazetteer
DR1lAl1DNyj,wwfnamibia,Namibia,country,gazetteer
DVtYmYXDoF9,gobabeb,Walvis Bay,town,gazetteer
DVtYmYXDoF9,gobabeb,Gobabeb,place,gazetteer
DVtYmYXDoF9,gobabeb,Namib Desert,feature,gazetteer
DVtYmYXDoF9,gobabeb,Namib,feature,gazetteer
DRoh4CgjIdg,wwfnamibia,Namibia,country,gazetteer
DV1DmH0CkLB,gobabeb,Skeleton Coast,park,gazetteer
DV1DmH0CkLB,gobabeb,Namib,feature,gazetteer
DSSZ_zZjCkl,wwfnamibia,Bwabwata,park,gazetteer
DSVAuMcDEaR,wwfnamibia,Zambezi,region,gazetteer
DSVAuMcDEaR,wwfnamibia,Kwando,feature,gazetteer
DSVAuMcDEaR,wwfnamibia,Namibia,country,gazetteer
DVOUUsFiHNk,namibia_nature_foundation,Namibia,country,gazetteer
DRZpsCYDKQo,wwfnamibia,Namibia,country,gazetteer
DRjpDiHjHFV,wwfnamibia,Bwabwata,park,gazetteer
DRjpDiHjHFV,wwfnamibia,Namibia,country,gazetteer
DVlOuZXjkcq,gobabeb,Gobabeb,place,gazetteer
DVOGgyQDCdJ,gobabeb,Gobabeb,place,gazetteer
DVOGgyQDCdJ,gobabeb,Namib,feature,gazetteer
DVOGgyQDCdJ,gobabeb,South Africa,country,gazetteer
DVTacFEDDjq,ehranamibia,Namibia,country,gazetteer
DRbhlL9jFj-,wwfnamibia,Kunene,region,gazetteer
DRbhlL9jFj-,wwfnamibia,Namibia,country,gazetteer
DUamruyjIvp,ehranamibia,Etosha,park,gazetteer
DVakVfSCFgS,namibia_nature_foundation,Namibia,country,gazetteer
DUq4ZLtj73l,ccfcheetah,Waterberg,park,gazetteer
DUq4ZLtj73l,ccfcheetah,Namibia,country,gazetteer
DU-1O9BCJ5U,namibia_nature_foundation,Swakopmund,town,gazetteer
DU-1O9BCJ5U,namibia_nature_foundation,Namibia,country,gazetteer
DUlJ-T9DMsS,ehranamibia,Damaraland,region,gazetteer
DVan0V-iFrF,namibia_nature_foundation,Omaheke,region,gazetteer
DVan0V-iFrF,namibia_nature_foundation,Namibia,country,gazetteer
DTe7EkljNLD,wwfnamibia,Namibia,country,gazetteer
DVdH45gAVk4,namibia_nature_foundation,Erongo,region,gazetteer
DVdH45gAVk4,namibia_nature_foundation,Namibia,country,gazetteer
DUQkt2iDA7P,ehranamibia,Namibia,country,gazetteer
DVslJUkiCXw,namibia_nature_foundation,Erongo,region,gazetteer
DVslJUkiCXw,namibia_nature_foundation,Namibia,country,gazetteer
DWGMzA5iEYq,namibia_nature_foundation,Zambezi,region,gazetteer
DWGMzA5iEYq,namibia_nature_foundation,Namibia,country,gazetteer
DQ33W_MDIWT,wwfnamibia,Namibia,country,gazetteer
DQwc21VjCay,wwfnamibia,Namibia,country,gazetteer
DSrIVS5jgIs,ongavagamereserve,Namibia,country,gazetteer
DTz6o0ADgsG,ongavagamereserve,Namibia,country,gazetteer
DROlo6ODMZ2,wwfnamibia,Namibia,country,gazetteer
DSRfVglE9R7,namibia_nature_foundation,Windhoek,town,gazetteer
DSRfVglE9R7,namibia_nature_foundation,Namibia,country,gazetteer
DSUdHpljhNG,namibia_nature_foundation,Namibia,country,gazetteer
DTpriFKDEoy,ehranamibia,Namibia,country,gazetteer
DTpkqRcjKoI,ehranamibia,Namibia,country,gazetteer
DUDwkx3CoSw,gobabeb,Gobabeb,place,gazetteer
DU-z0VTCIDD,namibia_nature_foundation,Swakopmund,town,gazetteer
DU-z0VTCIDD,namibia_nature_foundation,Namibia,country,gazetteer
DTQJTa4DCHb,ehranamibia,Namibia,country,gazetteer
DUIs9smjU9U,gobabeb,Gobabeb,place,gazetteer
DUIs9smjU9U,gobabeb,Namibia,country,gazetteer
DUFkxsrAbe6,gobabeb,Gobabeb,place,gazetteer
DUlFFvqlza-,gobabeb,Gobabeb,place,gazetteer
DUsTl7-CLzI,gobabeb,Namibia,country,gazetteer
DUirI8jCpq9,gobabeb,Namib,feature,gazetteer
DUm4LN7ij2P,gobabeb,Gobabeb,place,gazetteer
DUSPBlNAdD2,gobabeb,Gobabeb,place,gazetteer
DUSPBlNAdD2,gobabeb,Namib,feature,gazetteer
DUSPBlNAdD2,gobabeb,Namibia,country,gazetteer
DUz7IcljPlu,gobabeb,Gobabeb,place,gazetteer
DR_9tu4DEa9,wwfnamibia,Walvis Bay,town,gazetteer
DR_9tu4DEa9,wwfnamibia,Namibia,country,gazetteer
DSAAY7CCL0h,namibia_nature_foundation,Namibia,country,gazetteer
DRUoRnVip6U,namibia_nature_foundation,Zambezi,region,gazetteer
DRUoRnVip6U,namibia_nature_foundation,Kavango,region,gazetteer
DTkwKMyDiTL,gobabeb,Gobabeb,place,gazetteer
DRwLY29iqCu,namibia_nature_foundation,Kunene,region,gazetteer
DRwLY29iqCu,namibia_nature_foundation,Etosha,park,gazetteer
DRwLY29iqCu,namibia_nature_foundation,Skeleton Coast,park,gazetteer
DRwLY29iqCu,namibia_nature_foundation,Namibia,country,gazetteer
DTZ8t_rjf0K,gobabeb,Gobabeb,place,gazetteer
DTZ8t_rjf0K,gobabeb,Namib Desert,feature,gazetteer
DTZ8t_rjf0K,gobabeb,Namib,feature,gazetteer
DTZ8t_rjf0K,gobabeb,Angola,country,gazetteer
DRkD-f8ChaE,namibia_nature_foundation,Namibia,country,gazetteer
DRyly-3Elxh,namibia_nature_foundation,Kunene,region,gazetteer
DT0Ic-vDqZS,gobabeb,Gobabeb,place,gazetteer
DTczhoqCMi3,gobabeb,Namibia,country,gazetteer
DTsjxydDrqm,gobabeb,Gobabeb,place,gazetteer
DRUeLV4kVdA,namibia_nature_foundation,Windhoek,town,gazetteer
DRUeLV4kVdA,namibia_nature_foundation,Namibia,country,gazetteer
DSANRZ7Csag,namibia_nature_foundation,Namibia,country,gazetteer
DRylxXvCGVv,namibia_nature_foundation,Namibia,country,gazetteer
DTxnqemDkJW,gobabeb,Namib,feature,gazetteer
DR32LTpDqq9,ongavagamereserve,Etosha,park,gazetteer
DSMjgNigije,ongavagamereserve,Etosha,park,gazetteer
DWn0BodDtvi,gobabeb,Gobabeb,place,gazetteer
DRkDGmqil3i,namibia_nature_foundation,Omaheke,region,gazetteer
DRkDGmqil3i,namibia_nature_foundation,Namibia,country,gazetteer
DW3h9rpioLY,gobabeb,Namib Desert,feature,gazetteer
DW3h9rpioLY,gobabeb,Namib,feature,gazetteer
DUGAYhbjqCg,savetherhinonamibia,Namibia,country,gazetteer
DUF8p2CDAtQ,wwfnamibia,Namibia,country,gazetteer
DU3V6-wjMVm,wwfnamibia,Namibia,country,gazetteer
DUiOGOniVHI,ongavagamereserve,Namibia,country,gazetteer
DSrLZqAACD4,savetherhinonamibia,Namibia,country,gazetteer
DSmTYczjsqm,savetherhinonamibia,Kunene,region,gazetteer
DSmTYczjsqm,savetherhinonamibia,Namibia,country,gazetteer
DSmTYczjsqm,savetherhinonamibia,South Africa,country,gazetteer
DTw-cFFjt7_,savetherhinonamibia,Namibia,country,gazetteer
DW6RMLZinP8,gobabeb,Gobabeb,place,gazetteer
DW6RMLZinP8,gobabeb,Namib,feature,gazetteer
DXOW8EeCnoE,namyouthchamber,Namibia,country,gazetteer
DTxCXWpDE4V,wwfnamibia,Namibia,country,gazetteer
DS1wKIEjqZf,savetherhinonamibia,Kunene,region,gazetteer
DS1wKIEjqZf,savetherhinonamibia,Erongo,region,gazetteer
DXeGKudihBK,namibia_nature_foundation,Namibia,country,gazetteer
DTHxtDGDjph,savetherhinonamibia,Namibia,country,gazetteer
DXbo4bICltt,namibia_nature_foundation,Namibia,country,gazetteer
DQ_hY2pDcxc,namibia_nature_foundation,Kunene,region,gazetteer
DQ_hY2pDcxc,namibia_nature_foundation,Erongo,region,gazetteer
DQ9QJa0iknB,namibia_nature_foundation,Namibia,country,gazetteer
DSCwOfFDlpl,gobabeb,Gobabeb,place,gazetteer
DRzYNeKCo0L,gobabeb,Gobabeb,place,gazetteer
DRzYNeKCo0L,gobabeb,Namib Desert,feature,gazetteer
DRzYNeKCo0L,gobabeb,Namib,feature,gazetteer
DRKJ-EZigFp,namibia_nature_foundation,Luderitz,town,gazetteer
DRKJ-EZigFp,namibia_nature_foundation,Namibia,country,gazetteer
DSMVuCOCTl_,gobabeb,Gobabeb,place,gazetteer
DSMVuCOCTl_,gobabeb,Namib Desert,feature,gazetteer
DSMVuCOCTl_,gobabeb,Namib,feature,gazetteer
DSMVuCOCTl_,gobabeb,Namibia,country,gazetteer
DRKTe9SitKH,namibia_nature_foundation,Windhoek,town,gazetteer
DRKTe9SitKH,namibia_nature_foundation,Namibia,country,gazetteer
DSXZ7bpjjzq,gobabeb,Namibia,country,gazetteer
DRKPnfYCp6K,namibia_nature_foundation,Kunene,region,gazetteer
DRKPnfYCp6K,namibia_nature_foundation,Kunene River,feature,gazetteer
DRKPnfYCp6K,namibia_nature_foundation,Namibia,country,gazetteer
DScbrOljail,gobabeb,Skeleton Coast,park,gazetteer
DRCbRmxja_O,namibia_nature_foundation,Kavango,region,gazetteer
DT2HsqsjWhH,nacso_namibia1,Namibia,country,gazetteer
DT2HsqsjWhH,nacso_namibia1,Botswana,country,gazetteer
DRTyj6qimZ8,namibia_nature_foundation,Namibia,country,gazetteer
DSZ25aFj-dD,gobabeb,Gobabeb,place,gazetteer
DXg39MKjeJB,gobabeb,Gobabeb,place,gazetteer
DWEnQrpO-q8,africat_foundation,Okonjima,place,gazetteer
DWEnQrpO-q8,africat_foundation,Namibia,country,gazetteer
DV84SaljvmX,africat_foundation,Okonjima,place,gazetteer
DV84SaljvmX,africat_foundation,Namibia,country,gazetteer
DVbcgVLDPGM,africat_foundation,Okonjima,place,gazetteer
DVbcgVLDPGM,africat_foundation,Namibia,country,gazetteer
DWb7j2uDMKS,africat_foundation,Namibia,country,gazetteer
DVRGvV1DNZT,africat_foundation,Okonjima,place,gazetteer
DWMgGWFjOeC,africat_foundation,Okonjima,place,gazetteer
DXofbb7Dbv5,gobabeb,Namib Desert,feature,gazetteer
DXofbb7Dbv5,gobabeb,Namib,feature,gazetteer
DVq2xA8DRA_,africat_foundation,Namibia,country,gazetteer
DVykjIEDLEb,africat_foundation,Okonjima,place,gazetteer
DXoAP_2lqoE,naankuse_foundation,Windhoek,town,gazetteer
DW6x4dRjNxf,africat_foundation,Namibia,country,gazetteer
DV3Sws3jIWU,wwfnamibia,Kunene,region,gazetteer
DWtzXr8ODrc,africat_foundation,Okonjima,place,gazetteer
DXwqAO0Fugv,naankuse_foundation,Omaheke,region,gazetteer
DXwqAO0Fugv,naankuse_foundation,Namibia,country,gazetteer
DWUGbt-DAvh,ministry_of_environment_nam,Windhoek,town,gazetteer
DWUGbt-DAvh,ministry_of_environment_nam,Namibia,country,gazetteer
DXexE6XjJDv,africat_foundation,Okonjima,place,gazetteer
DXUcLv_jGa4,africat_foundation,Okonjima,place,gazetteer
DXUcLv_jGa4,africat_foundation,Namib Desert,feature,gazetteer
DXUcLv_jGa4,africat_foundation,Namib,feature,gazetteer
DXUcLv_jGa4,africat_foundation,Namibia,country,gazetteer
DXqvhiqlt1o,savetherhinonamibia,Kunene,region,gazetteer
DXqvhiqlt1o,savetherhinonamibia,Erongo,region,gazetteer
DXJRMa_AkWD,savetherhinonamibia,Namibia,country,gazetteer
DVnoukUjl9S,harnaswildlifefoundation,Namibia,country,gazetteer
DXgcXcbFpJy,savetherhinonamibia,Palmwag,place,gazetteer
DXgcXcbFpJy,savetherhinonamibia,Namibia,country,gazetteer
DVvCknRjvf6,harnaswildlifefoundation,Kalahari,feature,gazetteer
DXpCdUhjNBm,africat_foundation,Okonjima,place,gazetteer
DXpCdUhjNBm,africat_foundation,Namibia,country,gazetteer
DWf9kn4Dsd8,harnaswildlifefoundation,Namibia,country,gazetteer
DUz7FfoDqtk,harnaswildlifefoundation,Omaheke,region,gazetteer
DVa3m5fDjN9,harnaswildlifefoundation,Namibia,country,gazetteer
DViKhngjjX9,harnaswildlifefoundation,Omaheke,region,gazetteer
DViKhngjjX9,harnaswildlifefoundation,Kalahari,feature,gazetteer
DU5EsvWjsxF,harnaswildlifefoundation,Namibia,country,gazetteer
DWYPQRHjtlS,harnaswildlifefoundation,Omaheke,region,gazetteer
DWTFsBgjvPD,harnaswildlifefoundation,Namibia,country,gazetteer
DWBEEBWjifc,harnaswildlifefoundation,Namibia,country,gazetteer
DXuDcJQiA2H,ministry_of_environment_nam,Zambezi,region,gazetteer
DXuDcJQiA2H,ministry_of_environment_nam,Kavango,region,gazetteer
DXuDcJQiA2H,ministry_of_environment_nam,Otjozondjupa,region,gazetteer
DXuDcJQiA2H,ministry_of_environment_nam,Khomas,region,gazetteer
DXuDcJQiA2H,ministry_of_environment_nam,Windhoek,town,gazetteer
DXuDcJQiA2H,ministry_of_environment_nam,Namibia,country,gazetteer
DQ4p6A_j2N8,savetherhinonamibia,Namibia,country,gazetteer
DXb98OkiLtY,ministry_of_environment_nam,Namibia,country,gazetteer
DWerOqzAbIP,giraffe_conservation,Namibia,country,gazetteer
DRSKePSDN6A,africat_foundation,Okonjima,place,gazetteer
DRSKePSDN6A,africat_foundation,Namibia,country,gazetteer
DWzDJHOkk7W,ccfcheetah,Namibia,country,gazetteer
DTw3Yjzim57,namyouthchamber,Namibia,country,gazetteer
DTw3Yjzim57,namyouthchamber,South Africa,country,gazetteer
DWn68aHCAaP,ministry_of_environment_nam,Kavango,region,gazetteer
DUm1Xg9Dmf3,harnaswildlifefoundation,Omaheke,region,gazetteer
DUm1Xg9Dmf3,harnaswildlifefoundation,Namibia,country,gazetteer
DW3WDZWiA6v,ministry_of_environment_nam,Dorob,park,gazetteer
DW3WDZWiA6v,ministry_of_environment_nam,Swakopmund,town,gazetteer
DW3Jis6CDlb,ministry_of_environment_nam,Namibia,country,gazetteer
DW3WLwbiIzy,ministry_of_environment_nam,Windhoek,town,gazetteer
DW4f5mjjpGm,ministry_of_environment_nam,Walvis Bay,town,gazetteer
DWoNu2YiMLw,ministry_of_environment_nam,Windhoek,town,gazetteer
DWhVFUtDubq,ministry_of_environment_nam,Namibia,country,gazetteer
DUdtwy-jdBl,harnaswildlifefoundation,Namibia,country,gazetteer
DUr-88XjjJb,harnaswildlifefoundation,Namibia,country,gazetteer
DWI6-PhCgDu,namyouthchamber,Zambezi,region,gazetteer
DWI6-PhCgDu,namyouthchamber,Kavango,region,gazetteer
DWI6-PhCgDu,namyouthchamber,Namibia,country,gazetteer
DWlUKAsCBNC,ministry_of_environment_nam,NamibRand,park,gazetteer
DWlUKAsCBNC,ministry_of_environment_nam,Windhoek,town,gazetteer
DWlUKAsCBNC,ministry_of_environment_nam,Namibia,country,gazetteer
DWhU7LCjva2,ministry_of_environment_nam,Namibia,country,gazetteer
DUZ9b7jDh1Z,harnaswildlifefoundation,Namibia,country,gazetteer
DRQ69T9ir4N,namyouthchamber,Namibia,country,gazetteer
DUYeCeoDJs6,africat_foundation,Namibia,country,gazetteer
DVcrAuRjsnE,ccfcheetah,Namibia,country,gazetteer
DVBpQ6sjE5H,africat_foundation,Okonjima,place,gazetteer
DV_qawHEpSw,ccfcheetah,Namibia,country,gazetteer
DV_qawHEpSw,ccfcheetah,Botswana,country,gazetteer
DU3rabWkYrT,naankuse_foundation,Omaheke,region,gazetteer
DU3rabWkYrT,naankuse_foundation,Namibia,country,gazetteer
DVU4KuJDJ9A,ccfcheetah,Namibia,country,gazetteer
DWTTNs3iO3h,ministry_of_environment_nam,Windhoek,town,gazetteer
DXOrcNijX05,eif_namibia,Namibia,country,gazetteer
DVfdclaCI5r,eif_namibia,Namibia,country,gazetteer
DXM5JzSjdGk,eif_namibia,Namibia,country,gazetteer
DWdxehuCDJo,ministry_of_environment_nam,Etosha,park,gazetteer
DWdxehuCDJo,ministry_of_environment_nam,Namibia,country,gazetteer
DUgMnW8jL3b,naankuse_foundation,Namibia,country,gazetteer
DXd19oFjkuQ,oceanconservationnamibia,Namibia,country,gazetteer
DUbWtOygfZh,naankuse_foundation,Namibia,country,gazetteer
DWdkN4BiJyf,ministry_of_environment_nam,Etosha,park,gazetteer
DWdkN4BiJyf,ministry_of_environment_nam,Namibia,country,gazetteer
DXoC0N4mgkj,oceanconservationnamibia,Namibia,country,gazetteer
DWef2hPCOlX,ministry_of_environment_nam,Hardap,region,gazetteer
DWef2hPCOlX,ministry_of_environment_nam,Etosha,park,gazetteer
DWef2hPCOlX,ministry_of_environment_nam,Bwabwata,park,gazetteer
DWef2hPCOlX,ministry_of_environment_nam,Namibia,country,gazetteer
DXeSg6pAHo-,oceanconservationnamibia,Namibia,country,gazetteer
DUYx5HdiD09,naankuse_foundation,Namibia,country,gazetteer
DWd8TPlCGNF,ministry_of_environment_nam,Etosha,park,gazetteer
DS9WiNDCKWA,eif_namibia,Namibia,country,gazetteer
DWTPuYYiBmk,ministry_of_environment_nam,Windhoek,town,gazetteer
DWTPuYYiBmk,ministry_of_environment_nam,Namibia,country,gazetteer
DXtW3C-FV7E,oceanconservationnamibia,Namibia,country,gazetteer
DWPV37mjdwz,eif_namibia,Windhoek,town,gazetteer
DWPV37mjdwz,eif_namibia,Namibia,country,gazetteer
DUANbOODsT-,harnaswildlifefoundation,Omaheke,region,gazetteer
DUCyOBzjtGW,harnaswildlifefoundation,Namibia,country,gazetteer
DT_B707iWMb,harnaswildlifefoundation,Namibia,country,gazetteer
DQtsfnrES6W,eif_namibia,Namibia,country,gazetteer
DWdtfb8Cewk,gobabeb,Sossusvlei,place,gazetteer
DSqL_CYjCQI,wwfnamibia,Namibia,country,gazetteer
DRy5ghiDT_W,eif_namibia,Namibia,country,gazetteer
DWVnGAginZE,gobabeb,Gobabeb,place,gazetteer
DSrc9q6DsW-,harnaswildlifefoundation,Namibia,country,gazetteer
DSjukI4jv4D,harnaswildlifefoundation,Omaheke,region,gazetteer
DVax_qWDIWT,ministry_of_environment_nam,Namibia,country,gazetteer
DVlqdpuofJi,ministry_of_environment_nam,Windhoek,town,gazetteer
DVlqdpuofJi,ministry_of_environment_nam,Namibia,country,gazetteer
DVqA9lQCMB3,ministry_of_environment_nam,Zambezi,region,gazetteer
DVgNyhriNtn,ministry_of_environment_nam,Ohangwena,region,gazetteer
DVgNyhriNtn,ministry_of_environment_nam,Windhoek,town,gazetteer
DVyJyHCoyal,ministry_of_environment_nam,Windhoek,town,gazetteer
DWEYm7riHPW,ministry_of_environment_nam,Hardap,region,gazetteer
DWD4O7tiJcr,ministry_of_environment_nam,Kavango,region,gazetteer
DWD4O7tiJcr,ministry_of_environment_nam,Namibia,country,gazetteer
DVgLWW3CIDY,ministry_of_environment_nam,Zambezi,region,gazetteer
DVgLWW3CIDY,ministry_of_environment_nam,Namibia,country,gazetteer
DTkNTvlF3zS,gobabeb,Gobabeb,place,gazetteer
DTkNTvlF3zS,gobabeb,Namibia,country,gazetteer
DTK_tKrDXs3,ehranamibia,Kunene,region,gazetteer
DTK_tKrDXs3,ehranamibia,Namibia,country,gazetteer
DURDVRDCI32,namibia_nature_foundation,Swakopmund,town,gazetteer
DTe830ojmon,savetherhinonamibia,Namibia,country,gazetteer
DQ9DYVGjs2Z,harnaswildlifefoundation,Namibia,country,gazetteer
DTigcpbjOyn,wwfnamibia,Namibia,country,gazetteer
DTSgXWbDah5,gobabeb,Namib Desert,feature,gazetteer
DTSgXWbDah5,gobabeb,Namib,feature,gazetteer
DRCM9WrjtFb,harnaswildlifefoundation,Omaheke,region,gazetteer
DRCM9WrjtFb,harnaswildlifefoundation,Namibia,country,gazetteer
DROwWkzAbdm,harnaswildlifefoundation,Omaheke,region,gazetteer
DROwWkzAbdm,harnaswildlifefoundation,Namibia,country,gazetteer
DRboXapDRPH,harnaswildlifefoundation,Namibia,country,gazetteer
DQt0XptgQN5,gobabeb,Gobabeb,place,gazetteer
DQt0XptgQN5,gobabeb,Namib,feature,gazetteer
DQ3lMB-CH-Q,gobabeb,Gobabeb,place,gazetteer
DQ3lMB-CH-Q,gobabeb,Namib,feature,gazetteer
DQtEQWBjmNA,harnaswildlifefoundation,Namibia,country,gazetteer
DWk1d0DDHm-,oceanconservationnamibia,Cape Cross,park,gazetteer
DWk1d0DDHm-,oceanconservationnamibia,Walvis Bay,town,gazetteer
DQ4Hgt0jmeW,harnaswildlifefoundation,Namibia,country,gazetteer
DQ6lpEcAAZE,gobabeb,Namib Desert,feature,gazetteer
DQ6lpEcAAZE,gobabeb,Namib,feature,gazetteer
DRj2I1ODuFl,gobabeb,Gobabeb,place,gazetteer
DQrRbjNDa8w,gobabeb,Namib,feature,gazetteer
DRMLifyj68e,gobabeb,Namibia,country,gazetteer
DSZYkGrjC9V,ehranamibia,Namibia,country,gazetteer
DSUkrmxDAR0,ehranamibia,Namibia,country,gazetteer
DQ_hYO8jUi7,gobabeb,Namib,feature,gazetteer
DSnAE6BjL8j,ehranamibia,Namibia,country,gazetteer
DQoIZkHDhRS,harnaswildlifefoundation,Namibia,country,gazetteer
DVMf89JiGPo,ministry_of_environment_nam,Omaheke,region,gazetteer
DVMf89JiGPo,ministry_of_environment_nam,Namibia,country,gazetteer
DVYAZe_iKyK,ministry_of_environment_nam,Namibia,country,gazetteer
DUHugIJCJJQ,ministry_of_environment_nam,Windhoek,town,gazetteer
DUHugIJCJJQ,ministry_of_environment_nam,Namibia,country,gazetteer
DVO6X1fiLN9,ministry_of_environment_nam,Kunene,region,gazetteer
DVO6X1fiLN9,ministry_of_environment_nam,Skeleton Coast,park,gazetteer
DVMfs3aCDL-,ministry_of_environment_nam,Namibia,country,gazetteer
DVRF9_RCMyN,ministry_of_environment_nam,Omaheke,region,gazetteer
DW8ZEQcGmuw,oceanconservationnamibia,Namibia,country,gazetteer
DRCT53DAXcY,gobabeb,Gobabeb,place,gazetteer
DRmBxuCjPTR,ehranamibia,Namibia,country,gazetteer
DSErGl1jPiD,ehranamibia,Namibia,country,gazetteer
DR4b_cPjF6A,ehranamibia,Namibia,country,gazetteer
DRR08Jyiog6,namibia_nature_foundation,Bwabwata,park,gazetteer
DSAKbvCjEN5,ehranamibia,Namibia,country,gazetteer
DRzSbhZDEfq,ehranamibia,Namibia,country,gazetteer
DWGc_DrGmla,oceanconservationnamibia,Namibia,country,gazetteer
DSkSa6hET9N,gobabeb,Gobabeb,place,gazetteer
DWOcsnUDIpz,oceanconservationnamibia,Namibia,country,gazetteer
DSdJz7fCF4Q,ministry_of_environment_nam,Namibia,country,gazetteer
DSnBI6rCHzY,ministry_of_environment_nam,Etosha,park,gazetteer
DSnBI6rCHzY,ministry_of_environment_nam,Namibia,country,gazetteer
DSn2EjJiBve,ministry_of_environment_nam,Etosha,park,gazetteer
DSS-iu4jtyt,ministry_of_environment_nam,Oshikoto,region,gazetteer
DSS-iu4jtyt,ministry_of_environment_nam,Namibia,country,gazetteer
DTQjJL5iIl2,ministry_of_environment_nam,Namibia,country,gazetteer
DTrvR10CNL6,ministry_of_environment_nam,Namib-Naukluft,park,gazetteer
DTrvR10CNL6,ministry_of_environment_nam,Sossusvlei,place,gazetteer
DTrvR10CNL6,ministry_of_environment_nam,Sesriem,place,gazetteer
DTrvR10CNL6,ministry_of_environment_nam,Namib,feature,gazetteer
DWjhZ4BOz6Q,africat_foundation,Okonjima,place,gazetteer
DT_tR4nCL1l,ministry_of_environment_nam,Windhoek,town,gazetteer
DT_tR4nCL1l,ministry_of_environment_nam,Namibia,country,gazetteer
DT5U_tKCLTG,ministry_of_environment_nam,Skeleton Coast,park,gazetteer
DT5U_tKCLTG,ministry_of_environment_nam,Sossusvlei,place,gazetteer
DT5U_tKCLTG,ministry_of_environment_nam,Namibia,country,gazetteer
DXE-OgWjDbf,africat_foundation,Okonjima,place,gazetteer
DXE-OgWjDbf,africat_foundation,Namibia,country,gazetteer
DV0MHPLDsfO,harnaswildlifefoundation,Namibia,country,gazetteer
DUqU3urCOlq,namibia_nature_foundation,Namibia,country,gazetteer
DWboxZriOr5,eif_namibia,Etosha,park,gazetteer
DWboxZriOr5,eif_namibia,Namibia,country,gazetteer
DSB_StyiP9N,ministry_of_environment_nam,Namibia,country,gazetteer
DQrZ7TJDHjS,ehranamibia,Namibia,country,gazetteer
DSqGNSaDeGo,eif_namibia,Namibia,country,gazetteer
DQoxtvHiEiB,ministry_of_environment_nam,Namibia,country,gazetteer
DQoxtvHiEiB,ministry_of_environment_nam,South Africa,country,gazetteer
DSHY-RICNI1,ministry_of_environment_nam,Kunene,region,gazetteer
DSHY-RICNI1,ministry_of_environment_nam,Erongo,region,gazetteer
DSHY-RICNI1,ministry_of_environment_nam,Kavango,region,gazetteer
DSHY-RICNI1,ministry_of_environment_nam,Ohangwena,region,gazetteer
DSHY-RICNI1,ministry_of_environment_nam,Oshikoto,region,gazetteer
DSHY-RICNI1,ministry_of_environment_nam,Namibia,country,gazetteer
DRzUzfEiDhG,ministry_of_environment_nam,Namibia,country,gazetteer
DRzUzfEiDhG,ministry_of_environment_nam,South Africa,country,gazetteer
DRZYCRciGff,ministry_of_environment_nam,Namibia,country,gazetteer
DRzjbHoCBJj,ministry_of_environment_nam,Sesriem,place,gazetteer
DUneNtoiFmf,eif_namibia,Windhoek,town,gazetteer
DUneNtoiFmf,eif_namibia,Namibia,country,gazetteer
DWjEaq3iB7e,ministry_of_environment_nam,Windhoek,town,gazetteer
DWjEaq3iB7e,ministry_of_environment_nam,Namibia,country,gazetteer
DT16QUUjpHs,harnaswildlifefoundation,Namibia,country,gazetteer
DRCDcjeiPo8,ministry_of_environment_nam,Kunene,region,gazetteer
DRCDcjeiPo8,ministry_of_environment_nam,Omusati,region,gazetteer
DRCDcjeiPo8,ministry_of_environment_nam,Namibia,country,gazetteer
DVJYXnKjRBg,africat_foundation,Okonjima,place,gazetteer
DQ_CaSgikVa,namibia_nature_foundation,Walvis Bay,town,gazetteer
DQ_CaSgikVa,namibia_nature_foundation,Namibia,country,gazetteer
DWY0epAiNPH,ministry_of_environment_nam,Windhoek,town,gazetteer
DS7ycYNDEFD,africat_foundation,Okonjima,place,gazetteer
DS7ycYNDEFD,africat_foundation,Namibia,country,gazetteer
DVqBEnpiMbf,ministry_of_environment_nam,Kavango,region,gazetteer
DVqBEnpiMbf,ministry_of_environment_nam,Bwabwata,park,gazetteer
DQ1RoI8DCa2,ehranamibia,Namibia,country,gazetteer
DUI6f7uiG8n,ministry_of_environment_nam,Etosha,park,gazetteer
DUI6f7uiG8n,ministry_of_environment_nam,Windhoek,town,gazetteer
DQwlJwfDWbc,gobabeb,Namib,feature,gazetteer
DRe4M-aDIWa,ehranamibia,Windhoek,town,gazetteer
DRe4M-aDIWa,ehranamibia,Namibia,country,gazetteer
DXuVGWBCGa5,namibia_nature_foundation,Windhoek,town,gazetteer
DSZ41IKiPsl,ministry_of_environment_nam,Opuwo,town,gazetteer
DRRgrmyjLcD,ehranamibia,Namibia,country,gazetteer
DRpNB6jiCEl,tosconamibia,Namibia,country,gazetteer
DWbxil5DMTW,wwfnamibia,Africa,LOC,spacy
DWbxil5DMTW,wwfnamibia,Earth,LOC,spacy
DXbu79iDCnX,wwfnamibia,Earth,LOC,spacy
DXbu79iDCnX,wwfnamibia,Earth,LOC,spacy
DWjdIZtjHgI,wwfnamibia,WWF Namibia,GPE,spacy
DWjdIZtjHgI,wwfnamibia,@pro.namib,GPE,spacy
DWbAAoijFTa,wwfnamibia,Sydney,GPE,spacy
DWbAAoijFTa,wwfnamibia,Africa,LOC,spacy
DWbAAoijFTa,wwfnamibia,Africa,LOC,spacy
DWbAAoijFTa,wwfnamibia,Africa,LOC,spacy
DRUGF9ajCli,youth4can_namibia,Ondangwa,GPE,spacy
DRUGF9ajCli,youth4can_namibia,Oshana Region,GPE,spacy
DXceVTokb5e,giraffe_conservation,Earth,LOC,spacy
DUxWaDAiHXN,nacso_namibia1,Africa,LOC,spacy
DXuf7d6EZeD,giraffe_conservation,Samburu,GPE,spacy
DXuf7d6EZeD,giraffe_conservation,Isiolo County Governments,GPE,spacy
DXuf7d6EZeD,giraffe_conservation,Kenya,GPE,spacy
DUx-o2qCL2l,nacso_namibia1,Along Namibia’s,FAC,spacy
DUx-o2qCL2l,nacso_namibia1,Atlantic,LOC,spacy
DXmxhmVDVZm,giraffe_conservation,Etosha Heights,FAC,spacy
DXmxhmVDVZm,giraffe_conservation,Africa,LOC,spacy
DVvS2FYjO4c,wwfnamibia,Bwabwata National Park,FAC,spacy
DXhEfFxiKkR,ministry_of_environment_nam,Zambia,GPE,spacy
DXhEfFxiKkR,ministry_of_environment_nam,Zimbabwe,GPE,spacy
DUh5k2lAUk4,savetherhinonamibia,Africa,LOC,spacy
DV8qrmUDGoW,savetherhinonamibia,Zimbabwe,GPE,spacy
DV8qrmUDGoW,savetherhinonamibia,Africa,LOC,spacy
DWQnsyXjpjb,savetherhinonamibia,Kunene Region,GPE,spacy
DXWs260ldFZ,gobabeb,the Namib Desert,GPE,spacy
DTfkmjZiIqB,nacso_namibia1,Rossini Street,GPE,spacy
DTxc-x1iMoN,nacso_namibia1,the CCI Hub,FAC,spacy
DTxc-x1iMoN,nacso_namibia1,Maxi Louis,GPE,spacy
DXCNPQDCMkN,ministry_of_environment_nam,Hardap Game Park,FAC,spacy
DXCNPQDCMkN,ministry_of_environment_nam,Namutoni,GPE,spacy
DXCNPQDCMkN,ministry_of_environment_nam,Etosha National Park,FAC,spacy
DXCNPQDCMkN,ministry_of_environment_nam,Mahango National Park,FAC,spacy
DXfEn4XjoXB,desertlionconservation,Africa,LOC,spacy
DQrx5BLD64o,savetherhinonamibia,Ecowings Namibia,GPE,spacy
DQrx5BLD64o,savetherhinonamibia,Wales,GPE,spacy
DWoX4BUCpCZ,namyouthchamber,Lappet,GPE,spacy
DQmVJK-ji6U,savetherhinonamibia,Namiabi,GPE,spacy
DXwfTUBjkcO,ccfcheetah,the United States,GPE,spacy
DXwfTUBjkcO,ccfcheetah,Michigan,GPE,spacy
DXwfTUBjkcO,ccfcheetah,California,GPE,spacy
DW-3Ni3gdfG,naankuse_foundation,Epukiro,GPE,spacy
DXGjtBPFtcW,naankuse_foundation,Epukiro,GPE,spacy
DXGjtBPFtcW,naankuse_foundation,Namib Mills,GPE,spacy
DXEY-ltlqzA,naankuse_foundation,Mwaala High School,FAC,spacy
DXbYa58lhWu,naankuse_foundation,Wildlife Sanctuary,GPE,spacy
DXWIgNFloaI,naankuse_foundation,Germany,GPE,spacy
DVwU7pzDM_m,giraffe_conservation,Angolan,GPE,spacy
DV6oG8iDJKi,giraffe_conservation,Kruger National Park,FAC,spacy
DWCWeXDDvpY,giraffe_conservation,Africa,LOC,spacy
DWUYKewCPZI,giraffe_conservation,Uganda,GPE,spacy
DWMpye-jTwn,giraffe_conservation,the Khomas Region,LOC,spacy
DSpvIk3DMXZ,africat_foundation,@windhoek_animal_hospital,FAC,spacy
DXe7m2rEo4m,ccfcheetah,Etosha National Park,FAC,spacy
DW3oE3qFjbF,naankuse_foundation,Hotel Rwanda,FAC,spacy
DWjZfpulh0r,naankuse_foundation,Africa,LOC,spacy
DXpWrXrDEJt,ccfcheetah,Somaliland,GPE,spacy
DXpWrXrDEJt,ccfcheetah,Somaliland,GPE,spacy
DW5xIWgllJY,naankuse_foundation,Epukiro,GPE,spacy
DVMRx8yCMbB,giraffe_conservation,Angolan,GPE,spacy
DVMRx8yCMbB,giraffe_conservation,n’t,GPE,spacy
DVMRx8yCMbB,giraffe_conservation,Africa,LOC,spacy
DXZhne-jWEN,ccfcheetah,Somaliland,GPE,spacy
DVWk_9XDbv8,giraffe_conservation,Kenya,GPE,spacy
DVWk_9XDbv8,giraffe_conservation,Lake Nakuru National Park,FAC,spacy
DVEjcvgj1xY,giraffe_conservation,Africa,LOC,spacy
DU6QOvFk9xX,giraffe_conservation,France,GPE,spacy
DU6QOvFk9xX,giraffe_conservation,California,GPE,spacy
DU6QOvFk9xX,giraffe_conservation,Florida,GPE,spacy
DU6QOvFk9xX,giraffe_conservation,@thewcs,GPE,spacy
DXuRr8pGfJ_,ccfcheetah,Somaliland,GPE,spacy
DXuRr8pGfJ_,ccfcheetah,Youtube,GPE,spacy
DVtL7Z1Cgjg,namyouthchamber,Africa,LOC,spacy
DWnyV1Wls37,naankuse_foundation,Epukiro,GPE,spacy
DUX_wPFCgIs,namyouthchamber,Lovebird,GPE,spacy
DWMpxKqjnAZ,naankuse_foundation,Namib Mills,GPE,spacy
DV9M4tnAc73,naankuse_foundation,Omaheke Region,GPE,spacy
DUELhjJjd7D,giraffe_conservation,Africa,LOC,spacy
DT8dIW2iCC3,giraffe_conservation,Africa,LOC,spacy
DT8dIW2iCC3,giraffe_conservation,Africa,LOC,spacy
DTqbkOCjdCj,giraffe_conservation,Africa,LOC,spacy
DWE0qc5Evit,naankuse_foundation,Eagles,GPE,spacy
DWE0qc5Evit,naankuse_foundation,Zacheo,GPE,spacy
DU5v6CKCn_O,namyouthchamber,North,LOC,spacy
DU5v6CKCn_O,namyouthchamber,North,LOC,spacy
DUoOpqdjEUM,giraffe_conservation,Angolan,GPE,spacy
DUggSmvjmH0,giraffe_conservation,Mozambique,GPE,spacy
DV_xrwzjCSH,naankuse_foundation,San children,GPE,spacy
DW69EwJESBc,ccfcheetah,Aidan,GPE,spacy
DW69EwJESBc,ccfcheetah,Somaliland,GPE,spacy
DW69EwJESBc,ccfcheetah,Aidan,GPE,spacy
DW69EwJESBc,ccfcheetah,Aidan,GPE,spacy
DW69EwJESBc,ccfcheetah,Aidan,GPE,spacy
DW2bF8jjNJE,ccfcheetah,the Horn of Africa,LOC,spacy
DW2bF8jjNJE,ccfcheetah,the Horn of Africa,LOC,spacy
DWD7q9hijMg,namyouthchamber,Nara,GPE,spacy
DTibOjAjHCe,africat_foundation,Lesedi,GPE,spacy
DRhp-g_DJMg,africat_foundation,pangolin,GPE,spacy
DQ4iGjBjLUz,namyouthchamber,the Skeleton Coast,LOC,spacy
DQ4iGjBjLUz,namyouthchamber,WWF Namibia's,FAC,spacy
DWW44aTDSt2,tosconamibia,De Riet,GPE,spacy
DWW44aTDSt2,tosconamibia,Fonteine,GPE,spacy
DWW44aTDSt2,tosconamibia,ReGen Namibia,FAC,spacy
DWouAPSEVB9,ccfcheetah,Africa,LOC,spacy
DWouAPSEVB9,ccfcheetah,Asia,LOC,spacy
DRj_EEGDNma,namyouthchamber,Oshikoto 🌳,FAC,spacy
DRj_EEGDNma,namyouthchamber,the Oshikoto Region,LOC,spacy
DRj_EEGDNma,namyouthchamber,Ms Ndinelago Ithindi,FAC,spacy
DWhFSe_Epwk,ccfcheetah,Somaliland,GPE,spacy
DV1dpcLjf4m,tosconamibia,Fonteine,GPE,spacy
DWaZbb-D-L5,ccfcheetah,Africa,LOC,spacy
DVqo_9BgVKV,naankuse_foundation,the Omaheke Region,GPE,spacy
DVqo_9BgVKV,naankuse_foundation,San communities,GPE,spacy
DWsMJvfjOo5,ccfcheetah,Centre,GPE,spacy
DUDf5d4DUm_,tosconamibia,Rossini Street,FAC,spacy
DWWv0b4kmFB,ccfcheetah,Brazil,GPE,spacy
DWWv0b4kmFB,ccfcheetah,Zimbabwe,GPE,spacy
DWWv0b4kmFB,ccfcheetah,Zimbabwe,GPE,spacy
DWWv0b4kmFB,ccfcheetah,Zimbabwe,GPE,spacy
DWWv0b4kmFB,ccfcheetah,Zimbabwe,GPE,spacy
DWWv0b4kmFB,ccfcheetah,Zimbabwe,GPE,spacy
DWWv0b4kmFB,ccfcheetah,Zimbabwe,GPE,spacy
DWWv0b4kmFB,ccfcheetah,Zimbabwe,GPE,spacy
DWWv0b4kmFB,ccfcheetah,Africa,LOC,spacy
DWWv0b4kmFB,ccfcheetah,Africa,LOC,spacy
DWWv0b4kmFB,ccfcheetah,Mozambique,GPE,spacy
DWWv0b4kmFB,ccfcheetah,Zambia,GPE,spacy
DWWv0b4kmFB,ccfcheetah,Zimbabwe,GPE,spacy
DWWv0b4kmFB,ccfcheetah,Zimbabwe,GPE,spacy
DWWv0b4kmFB,ccfcheetah,Zimbabwe,GPE,spacy
DVwVD1GjiEL,naankuse_foundation,Earth,LOC,spacy
DVwVD1GjiEL,naankuse_foundation,Atlantic Ocean,LOC,spacy
DVy5ucnCAYI,naankuse_foundation,Africa,LOC,spacy
DS0W5kkD2zk,giraffe_conservation,the Khomas Region,GPE,spacy
DU-ncR0jTOc,tosconamibia,ReGen Namibia,FAC,spacy
DTGYcjdjeVp,giraffe_conservation,Zambezi Region,GPE,spacy
DTGYcjdjeVp,giraffe_conservation,the Kwando River,LOC,spacy
DTgIY48D2Bx,giraffe_conservation,Africa,LOC,spacy
DTgIY48D2Bx,giraffe_conservation,@kaza.tfca,GPE,spacy
DTYZ__3jMEy,giraffe_conservation,Angolan,GPE,spacy
DTOG1rZj1Wf,giraffe_conservation,Angolan,GPE,spacy
DTOG1rZj1Wf,giraffe_conservation,Etosha National Park,FAC,spacy
DTOG1rZj1Wf,giraffe_conservation,Protecting,GPE,spacy
DUlV2iNCOB0,africat_foundation,pangolin,GPE,spacy
DUlV2iNCOB0,africat_foundation,Pangolin,GPE,spacy
DUlV2iNCOB0,africat_foundation,pangolin,GPE,spacy
DUGbxzVDE1m,africat_foundation,• Strong,GPE,spacy
DUGbxzVDE1m,africat_foundation,@wildlife_vets_namibia,GPE,spacy
DSGA6a6gTQ3,giraffe_conservation,Uganda,GPE,spacy
DWOuG89jwy0,ccfcheetah,the Model Farm,FAC,spacy
DWOuG89jwy0,ccfcheetah,the Dancing Goat Creamery,FAC,spacy
DVCCqirFE2-,naankuse_foundation,Toronto,GPE,spacy
DVCCqirFE2-,naankuse_foundation,the International Centre (Hall 5,FAC,spacy
DVCCqirFE2-,naankuse_foundation,Vancouver,GPE,spacy
DVCCqirFE2-,naankuse_foundation,East Building,GPE,spacy
DVeTYKBDDi-,naankuse_foundation,Strong,GPE,spacy
DRwcckvjYNV,giraffe_conservation,Africa,LOC,spacy
DRz_BrsjG0U,giraffe_conservation,Sabi Game Park,FAC,spacy
DRz_BrsjG0U,giraffe_conservation,Mozambique,GPE,spacy
DRz_BrsjG0U,giraffe_conservation,n’t,GPE,spacy
DRz_BrsjG0U,giraffe_conservation,Kruger National Park,FAC,spacy
DSiVUl0gTF5,giraffe_conservation,Africa,LOC,spacy
DSQTzsPDRJ6,giraffe_conservation,Africa,LOC,spacy
DSqDr_mAgXH,giraffe_conservation,Africa,LOC,spacy
DVv5Vyeje89,ccfcheetah,Africa,LOC,spacy
DR-SMDzDZx2,giraffe_conservation,Kenya,GPE,spacy
DR-SMDzDZx2,giraffe_conservation,Meru,GPE,spacy
DSYCJfoj4ik,giraffe_conservation,Kenya,GPE,spacy
DSYCJfoj4ik,giraffe_conservation,@universitycollegedublin,GPE,spacy
DRsQo-BARQL,giraffe_conservation,Angolan,GPE,spacy
DWAqKGpkuSD,ccfcheetah,the African Wild Dogs United Conference 2026,FAC,spacy
DWAqKGpkuSD,ccfcheetah,Tresia,GPE,spacy
DWAqKGpkuSD,ccfcheetah,Tresia,GPE,spacy
DWAqKGpkuSD,ccfcheetah,Tresia,GPE,spacy
DWAqKGpkuSD,ccfcheetah,Africa,LOC,spacy
DWAqKGpkuSD,ccfcheetah,Africa,LOC,spacy
DWAqKGpkuSD,ccfcheetah,East Africa,GPE,spacy
DWFHDlUj2ZX,ccfcheetah,Brazil,GPE,spacy
DWFHDlUj2ZX,ccfcheetah,Africa,LOC,spacy
DWFHDlUj2ZX,ccfcheetah,Southern Africa,GPE,spacy
DWFHDlUj2ZX,ccfcheetah,cmscop15,GPE,spacy
DV7XJOljNi_,ccfcheetah,Somaliland,GPE,spacy
DWCI-u-Ee46,ccfcheetah,Jordan,GPE,spacy
DWCI-u-Ee46,ccfcheetah,Jordan,GPE,spacy
DXG8IUMDeZj,ongavagamereserve,Horizon,FAC,spacy
DWgtt_SgXiB,ongavagamereserve,Bulbul,GPE,spacy
DXWUuVLiluH,namibia_nature_foundation,@euinnam,GPE,spacy
DXLyjUAjZ73,namibia_nature_foundation,the Living Earth Expo,FAC,spacy
DXLyjUAjZ73,namibia_nature_foundation,@living.earth.africa,GPE,spacy
DXPE5MbDHp0,ehranamibia,Supporting,GPE,spacy
DXPE5MbDHp0,ehranamibia,Building,GPE,spacy
DW3daffjCif,ehranamibia,Christin,GPE,spacy
DXWhPTbE16s,namibia_nature_foundation,Africa,LOC,spacy
DXWhPTbE16s,namibia_nature_foundation,United States,GPE,spacy
DXWhPTbE16s,namibia_nature_foundation,the United States,GPE,spacy
DXTqzuxjCXj,ehranamibia,the Kunene Region,LOC,spacy
DV_Pa2ujuyN,ongavagamereserve,Africa,LOC,spacy
DXbqi4PDIfu,ehranamibia,the London Marathon,FAC,spacy
DU81AbnCf5j,naankuse_foundation,Epukiro,GPE,spacy
DU81AbnCf5j,naankuse_foundation,Epukiro,GPE,spacy
DRDKx7WjEV0,giraffe_conservation,Uganda,GPE,spacy
DVteIrHkpr9,ccfcheetah,Somaliland,GPE,spacy
DVteIrHkpr9,ccfcheetah,Somaliland,GPE,spacy
DQ2L-kBgaVr,giraffe_conservation,Africa,LOC,spacy
DQ96W0vD9A5,giraffe_conservation,Zambia,GPE,spacy
DQ96W0vD9A5,giraffe_conservation,Luangwa Valley,LOC,spacy
DQ96W0vD9A5,giraffe_conservation,valley,LOC,spacy
DVqtQN1Deaf,ccfcheetah,Centre,GPE,spacy
DVqtQN1Deaf,ccfcheetah,Centre,GPE,spacy
DVe15yLj6YW,ccfcheetah,Somaliland,GPE,spacy
DRIGtULDGKm,giraffe_conservation,Kedong,GPE,spacy
DRIGtULDGKm,giraffe_conservation,Kenya,GPE,spacy
DRIGtULDGKm,giraffe_conservation,Lake Naivasha,GPE,spacy
DRIGtULDGKm,giraffe_conservation,Nairobi National Park,FAC,spacy
DRIGtULDGKm,giraffe_conservation,Kedong,GPE,spacy
DVRbbXIiHaN,naankuse_foundation,Africa,LOC,spacy
DVSdPEfDGlm,ccfcheetah,the Model Farm,FAC,spacy
DQpT_FHjeeA,giraffe_conservation,Etosha National Park,FAC,spacy
DQr4xc2jBxf,giraffe_conservation,Zambia,GPE,spacy
DQr4xc2jBxf,giraffe_conservation,Zambia,GPE,spacy
DQr4xc2jBxf,giraffe_conservation,Zambia,GPE,spacy
DQr4xc2jBxf,giraffe_conservation,Zambia,GPE,spacy
DV8bdWGGfP1,ehranamibia,Ugab River,LOC,spacy
DV3ir46kge2,ehranamibia,Earth,LOC,spacy
DWRTGNGlQCt,ongavagamereserve,Sandgrouse,GPE,spacy
DWRTGNGlQCt,ongavagamereserve,Sandgrouse,GPE,spacy
DWGywKJiuW1,namibia_nature_foundation,Warmbad,GPE,spacy
DUtUiVNjyqn,ccfcheetah,Africa,LOC,spacy
DVGseIDDyuy,ccfcheetah,Kunene Region,GPE,spacy
DVGseIDDyuy,ccfcheetah,Somaliland,GPE,spacy
DVPx65yjFAk,ccfcheetah,Somaliland,GPE,spacy
DUwbUUNj_NO,ccfcheetah,Kelce,GPE,spacy
DVKnOCFkeoh,ccfcheetah,Eastern Communal Conservancies,FAC,spacy
DVKnOCFkeoh,ccfcheetah,Data Platform,FAC,spacy
DWlx5zxDR9z,namibia_nature_foundation,𝐵𝑖𝑜𝑑𝑖𝑣𝑒𝑟𝑠𝑖𝑡𝑦,GPE,spacy
DWlx5zxDR9z,namibia_nature_foundation,Malawi,GPE,spacy
DWlx5zxDR9z,namibia_nature_foundation,Trinidad,GPE,spacy
DXGuQgdClUM,namibia_nature_foundation,Africa,LOC,spacy
DRh9fYtF7oD,giraffe_conservation,Kenya,GPE,spacy
DQkKY5FCLco,giraffe_conservation,Africa,LOC,spacy
DQkKY5FCLco,giraffe_conservation,Africa,LOC,spacy
DVDHgPFCJDL,ongavagamereserve,valley,LOC,spacy
DWYWQYjjZtc,gobabeb,B.Sc.,GPE,spacy
DWipTbxDK8S,gobabeb,the Kuiseb River,LOC,spacy
DWgIriWDQxg,gobabeb,the Namib Sand Sea,FAC,spacy
DVgC6V2ioa5,gobabeb,the Namib Sand Sea,FAC,spacy
DVgC6V2ioa5,gobabeb,the Namib-Naukluft National Park,FAC,spacy
DVgC6V2ioa5,gobabeb,the Namib-Naukluft National Park,FAC,spacy
DR1lAl1DNyj,wwfnamibia,Earth,LOC,spacy
DR1lAl1DNyj,wwfnamibia,Protecting Namibia’s,FAC,spacy
DVtYmYXDoF9,gobabeb,the Namib Desert,FAC,spacy
DRoh4CgjIdg,wwfnamibia,WWF Namibia,GPE,spacy
DRoh4CgjIdg,wwfnamibia,LinkedIn,GPE,spacy
DV1DmH0CkLB,gobabeb,the Skeleton Coast,LOC,spacy
DSSZ_zZjCkl,wwfnamibia,Africa,LOC,spacy
DSVAuMcDEaR,wwfnamibia,the Zambezi Region,LOC,spacy
DVOUUsFiHNk,namibia_nature_foundation,Gariep Centre of Endemism,FAC,spacy
DRZpsCYDKQo,wwfnamibia,WWF Namibia,GPE,spacy
DRZpsCYDKQo,wwfnamibia,Ondangwa,GPE,spacy
DRZpsCYDKQo,wwfnamibia,Simonia,GPE,spacy
DRZpsCYDKQo,wwfnamibia,Simonia,GPE,spacy
DRjpDiHjHFV,wwfnamibia,WWF Namibia’s,FAC,spacy
DRjpDiHjHFV,wwfnamibia,Bwabwata National Park,FAC,spacy
DVlOuZXjkcq,gobabeb,Adenia,GPE,spacy
DVlOuZXjkcq,gobabeb,Adenia,GPE,spacy
DVOGgyQDCdJ,gobabeb,Belgium,GPE,spacy
DVOGgyQDCdJ,gobabeb,Welwitschia,GPE,spacy
DUi1DKFEswt,ccfcheetah,Somaliland,GPE,spacy
DUamruyjIvp,ehranamibia,AWCT,GPE,spacy
DUq4ZLtj73l,ccfcheetah,the Waterberg Plateau,LOC,spacy
DU_BedZDHK_,ehranamibia,Okongwe,GPE,spacy
DUlJ-T9DMsS,ehranamibia,Khorixas,GPE,spacy
DVan0V-iFrF,namibia_nature_foundation,Gobabis,GPE,spacy
DVan0V-iFrF,namibia_nature_foundation,Omaheke Region,GPE,spacy
DTe7EkljNLD,wwfnamibia,Bolivia,GPE,spacy
DWGMzA5iEYq,namibia_nature_foundation,Kabbe,GPE,spacy
DWGMzA5iEYq,namibia_nature_foundation,the Kabbe Sub-Khuta,FAC,spacy
DVqFzwkiKC1,namibia_nature_foundation,Mangarangandja,GPE,spacy
DQwc21VjCay,wwfnamibia,WWF Namibia,FAC,spacy
DTz6o0ADgsG,ongavagamereserve,Ongava Lodge,FAC,spacy
DROlo6ODMZ2,wwfnamibia,WWF Namibia,FAC,spacy
DTu6OvXDGvb,ehranamibia,the Okongwe Garden Project,FAC,spacy
DTu6OvXDGvb,ehranamibia,Education Centre,FAC,spacy
DTu6OvXDGvb,ehranamibia,@zooberlin,GPE,spacy
DUDwkx3CoSw,gobabeb,Africa,LOC,spacy
DTQJTa4DCHb,ehranamibia,Ramen,GPE,spacy
DTQJTa4DCHb,ehranamibia,Contact,GPE,spacy
DT-LDRWDLjo,ehranamibia,Khorixas,GPE,spacy
DUIs9smjU9U,gobabeb,Messum,FAC,spacy
DUFkxsrAbe6,gobabeb,Africa,LOC,spacy
DUFkxsrAbe6,gobabeb,the Tropic of Capricorn,FAC,spacy
DTZwVuyDPzv,ehranamibia,Ondjamba Hills,GPE,spacy
DS8gr-cjs7N,ongavagamereserve,Ongava,GPE,spacy
DUlFFvqlza-,gobabeb,the Kuiseb River,LOC,spacy
DUSPBlNAdD2,gobabeb,Africa,LOC,spacy
DR_9tu4DEa9,wwfnamibia,Independence Beach,FAC,spacy
DR_9tu4DEa9,wwfnamibia,Langstrand,GPE,spacy
DRwLY29iqCu,namibia_nature_foundation,People and Wildlife,GPE,spacy
DRwLY29iqCu,namibia_nature_foundation,Africa,LOC,spacy
DRwLY29iqCu,namibia_nature_foundation,WWF Namibia,FAC,spacy
DRwLY29iqCu,namibia_nature_foundation,IWT,GPE,spacy
DTZ8t_rjf0K,gobabeb,Huntley,GPE,spacy
DTZ8t_rjf0K,gobabeb,B.J.,GPE,spacy
DTP7j3RDHLk,gobabeb,Vianda,GPE,spacy
DTP7j3RDHLk,gobabeb,Agriculture,GPE,spacy
DTP7j3RDHLk,gobabeb,Vianda,GPE,spacy
DTczhoqCMi3,gobabeb,Jena,GPE,spacy
DTczhoqCMi3,gobabeb,Germany,GPE,spacy
DTsjxydDrqm,gobabeb,earth,LOC,spacy
DRUeLV4kVdA,namibia_nature_foundation,Bio,GPE,spacy
DSHS8tCjoMU,ongavagamereserve,Safaris,GPE,spacy
DTxnqemDkJW,gobabeb,Swakop River,LOC,spacy
DTxnqemDkJW,gobabeb,Swakop River,LOC,spacy
DSMjgNigije,ongavagamereserve,Etosha National Park,FAC,spacy
DSMjgNigije,ongavagamereserve,Africa,LOC,spacy
DSMjgNigije,ongavagamereserve,mopane woodland,GPE,spacy
DU2k5TgCEm4,ongavagamereserve,Mopane,LOC,spacy
DU2k5TgCEm4,ongavagamereserve,woodland,GPE,spacy
DRkDGmqil3i,namibia_nature_foundation,WWF Namibia,LOC,spacy
DW3h9rpioLY,gobabeb,the Namib Desert,FAC,spacy
DUGAYhbjqCg,savetherhinonamibia,Strong,GPE,spacy
DU3V6-wjMVm,wwfnamibia,Effective Area,LOC,spacy
DW6RMLZinP8,gobabeb,the Namib Sand Sea,FAC,spacy
DXbqlj7CmfU,namyouthchamber,Earth,LOC,spacy
DXodK1uCjQS,namyouthchamber,Khomasdal,GPE,spacy
DRzYNeKCo0L,gobabeb,the Namib Desert’s,LOC,spacy
DSMVuCOCTl_,gobabeb,the Namib Desert,GPE,spacy
DRKTe9SitKH,namibia_nature_foundation,Samantha Matjila,GPE,spacy
DRKPnfYCp6K,namibia_nature_foundation,the Kunene River Mouth,LOC,spacy
DRCbRmxja_O,namibia_nature_foundation,Kavango Region,GPE,spacy
DT2HsqsjWhH,nacso_namibia1,Africa,LOC,spacy
DRTyj6qimZ8,namibia_nature_foundation,Lithops,GPE,spacy
DRTyj6qimZ8,namibia_nature_foundation,Lapidaria,GPE,spacy
DSZ25aFj-dD,gobabeb,TOAD HARE,GPE,spacy
DXUv-0KjLn4,giraffe_conservation,Africa,LOC,spacy
DV84SaljvmX,africat_foundation,Africa,LOC,spacy
DVbcgVLDPGM,africat_foundation,Khoekhoegowab,LOC,spacy
DVbcgVLDPGM,africat_foundation,Damara,GPE,spacy
DVbcgVLDPGM,africat_foundation,Nama,GPE,spacy
DVRGvV1DNZT,africat_foundation,Orphan,GPE,spacy
DXofbb7Dbv5,gobabeb,the Namib Desert,GPE,spacy
DVykjIEDLEb,africat_foundation,Malaki,GPE,spacy
DVykjIEDLEb,africat_foundation,Lozi,GPE,spacy
DVykjIEDLEb,africat_foundation,Malaki,GPE,spacy
DXKc58qjZ0A,giraffe_conservation,Angolan,GPE,spacy
DXKc58qjZ0A,giraffe_conservation,@universitycollegedublin,GPE,spacy
DXoAP_2lqoE,naankuse_foundation,Rehoboth,GPE,spacy
DW6x4dRjNxf,africat_foundation,pangolin,GPE,spacy
DW6x4dRjNxf,africat_foundation,pangolin,GPE,spacy
DW6x4dRjNxf,africat_foundation,Pangolin,GPE,spacy
DW6x4dRjNxf,africat_foundation,pangolin,GPE,spacy
DWtzXr8ODrc,africat_foundation,Mawenzi,GPE,spacy
DWtzXr8ODrc,africat_foundation,Mawenzi,GPE,spacy
DXwqAO0Fugv,naankuse_foundation,Omaheke Region,GPE,spacy
DXwqAO0Fugv,naankuse_foundation,San communities,GPE,spacy
DVLyohjjzzO,nacso_namibia1,Clarifying,GPE,spacy
DXUcLv_jGa4,africat_foundation,the Namib Desert,LOC,spacy
DXbSvspFoHk,savetherhinonamibia,n’t,GPE,spacy
DXgcXcbFpJy,savetherhinonamibia,Ugab Camp,FAC,spacy
DXpCdUhjNBm,africat_foundation,Africa,LOC,spacy
DVQP4NojqaK,harnaswildlifefoundation,Harnas Guest Farm,FAC,spacy
DVc6DMtjoUk,harnaswildlifefoundation,San,LOC,spacy
DVF8tnJDu1d,harnaswildlifefoundation,San culture,GPE,spacy
DWf9kn4Dsd8,harnaswildlifefoundation,Harnas Wildlife Sanctuary,FAC,spacy
DUz7FfoDqtk,harnaswildlifefoundation,San artisans,GPE,spacy
DWGNnrpDtYm,harnaswildlifefoundation,Impala,GPE,spacy
DWGNnrpDtYm,harnaswildlifefoundation,Harnas Wildlife Sanctuary,FAC,spacy
DViKhngjjX9,harnaswildlifefoundation,Harnas Guest Farm,FAC,spacy
DU5EsvWjsxF,harnaswildlifefoundation,a Human-Wildlife Conflict Workshop,FAC,spacy
DU5EsvWjsxF,harnaswildlifefoundation,Harnas,GPE,spacy
DU-OQhPjn88,harnaswildlifefoundation,Harnas,GPE,spacy
DWN8CmPDmjg,harnaswildlifefoundation,Harnas,GPE,spacy
DWYPQRHjtlS,harnaswildlifefoundation,the Omaheke Region,GPE,spacy
DWTFsBgjvPD,harnaswildlifefoundation,San,LOC,spacy
DWTFsBgjvPD,harnaswildlifefoundation,Harnas,GPE,spacy
DWTFsBgjvPD,harnaswildlifefoundation,San community,GPE,spacy
DWBEEBWjifc,harnaswildlifefoundation,Harnas,GPE,spacy
DV76dOJjpxd,harnaswildlifefoundation,San community,GPE,spacy
DXuDcJQiA2H,ministry_of_environment_nam,the Kavango West,LOC,spacy
DXuDcJQiA2H,ministry_of_environment_nam,UNDP Namibia,FAC,spacy
DXYu82YCEDr,youth4can_namibia,Africa,LOC,spacy
DXb98OkiLtY,ministry_of_environment_nam,the United States of America,GPE,spacy
DXb98OkiLtY,ministry_of_environment_nam,the United States,GPE,spacy
DWerOqzAbIP,giraffe_conservation,Northwest Namibia,GPE,spacy
DWerOqzAbIP,giraffe_conservation,Africa,LOC,spacy
DWerOqzAbIP,giraffe_conservation,Angolan,GPE,spacy
DRSKePSDN6A,africat_foundation,pangolin,GPE,spacy
DWzDJHOkk7W,ccfcheetah,the Serengeti Park,FAC,spacy
DWzDJHOkk7W,ccfcheetah,Hodenhagen,GPE,spacy
DWzDJHOkk7W,ccfcheetah,Germany,GPE,spacy
DWzDJHOkk7W,ccfcheetah,Somaliland,GPE,spacy
DWn68aHCAaP,ministry_of_environment_nam,Marungu,GPE,spacy
DWn68aHCAaP,ministry_of_environment_nam,the Kavango East Region,LOC,spacy
DW4f5mjjpGm,ministry_of_environment_nam,Walvis Bay Landfill,LOC,spacy
DW4f5mjjpGm,ministry_of_environment_nam,the Walvis Bay Municipality,LOC,spacy
DWoNu2YiMLw,ministry_of_environment_nam,Marungu,GPE,spacy
DUYx4VLDCYU,harnaswildlifefoundation,Harnas,GPE,spacy
DUr-88XjjJb,harnaswildlifefoundation,Harnas Guest Farm,FAC,spacy
DWI6-PhCgDu,namyouthchamber,Kavango East,LOC,spacy
DWI6-PhCgDu,namyouthchamber,Kavango West,GPE,spacy
DWlUKAsCBNC,ministry_of_environment_nam,Canyon Nature Park,FAC,spacy
DWlUKAsCBNC,ministry_of_environment_nam,Effective Area,LOC,spacy
DUvvTWQjyn4,harnaswildlifefoundation,Harnas,GPE,spacy
DVcrAuRjsnE,ccfcheetah,Kalkfeld,GPE,spacy
DVBpQ6sjE5H,africat_foundation,Earth,LOC,spacy
DVBpQ6sjE5H,africat_foundation,Africa,LOC,spacy
DVBpQ6sjE5H,africat_foundation,Asia,LOC,spacy
DVBpQ6sjE5H,africat_foundation,pangolin,GPE,spacy
DV_qawHEpSw,ccfcheetah,Brazil,GPE,spacy
DV_qawHEpSw,ccfcheetah,Zimbabwe,GPE,spacy
DU3rabWkYrT,naankuse_foundation,Epukiro,GPE,spacy
DU3rabWkYrT,naankuse_foundation,Omaheke Region,GPE,spacy
DQxCVcNj9Cw,giraffe_conservation,Koushik Chatterjee - Thank,FAC,spacy
DQvrtOYjDeU,giraffe_conservation,Kenya,GPE,spacy
DQvrtOYjDeU,giraffe_conservation,Naivasha,GPE,spacy
DQvrtOYjDeU,giraffe_conservation,Nairobi National Park,FAC,spacy
DQvrtOYjDeU,giraffe_conservation,Naivasha,GPE,spacy
DRP79xHj7NN,giraffe_conservation,@cheyennemountainzoo,GPE,spacy
DRP79xHj7NN,giraffe_conservation,Colorado,GPE,spacy
DRP79xHj7NN,giraffe_conservation,USA,GPE,spacy
DXOrcNijX05,eif_namibia,Washington,GPE,spacy
DXOrcNijX05,eif_namibia,D.C.,GPE,spacy
DWdxehuCDJo,ministry_of_environment_nam,Etosha National Park,FAC,spacy
DWdkN4BiJyf,ministry_of_environment_nam,Etosha National Park,FAC,spacy
DWdkN4BiJyf,ministry_of_environment_nam,Ombika Sports Field,FAC,spacy
DWef2hPCOlX,ministry_of_environment_nam,Etosha National Park,FAC,spacy
DWef2hPCOlX,ministry_of_environment_nam,"Etosha National Park, Hardap National Park",FAC,spacy
DUggUj0iE_S,naankuse_foundation,Strong,GPE,spacy
DWd8TPlCGNF,ministry_of_environment_nam,Etosha National Park,FAC,spacy
DQtsfnrES6W,eif_namibia,Belém,GPE,spacy
DQtsfnrES6W,eif_namibia,Brazil,GPE,spacy
DSqL_CYjCQI,wwfnamibia,WWF Namibia,FAC,spacy
DSjukI4jv4D,harnaswildlifefoundation,the Omaheke Region,GPE,spacy
DS2LnHADquv,harnaswildlifefoundation,Harnas,GPE,spacy
DS2LnHADquv,harnaswildlifefoundation,San,GPE,spacy
DTINIX7jsOm,harnaswildlifefoundation,Harnas,GPE,spacy
DVlqdpuofJi,ministry_of_environment_nam,Africa,LOC,spacy
DVqA9lQCMB3,ministry_of_environment_nam,Zambezi Region,GPE,spacy
DSo4NOsDnRq,harnaswildlifefoundation,Harnas Guest Farm’s,FAC,spacy
DWEYm7riHPW,ministry_of_environment_nam,the Hardap Resort,LOC,spacy
DWEYm7riHPW,ministry_of_environment_nam,the Hardap Region,LOC,spacy
DWD4O7tiJcr,ministry_of_environment_nam,Kavango East Region,LOC,spacy
DWD4O7tiJcr,ministry_of_environment_nam,Kavango East Regional,LOC,spacy
DVgLWW3CIDY,ministry_of_environment_nam,Zambezi Region,GPE,spacy
DTkNTvlF3zS,gobabeb,the United Kingdom,GPE,spacy
DTK_tKrDXs3,ehranamibia,Southern Kunene Region,LOC,spacy
DTK_tKrDXs3,ehranamibia,Namibia 📩 Interested,GPE,spacy
DTSgXWbDah5,gobabeb,Nara,GPE,spacy
DTSgXWbDah5,gobabeb,the Namib Desert,FAC,spacy
DRT5_MkDmVi,harnaswildlifefoundation,Harnas Guest Farm,FAC,spacy
DROwWkzAbdm,harnaswildlifefoundation,the Omaheke Region,GPE,spacy
DQ3lMB-CH-Q,gobabeb,Acnephalomyia,GPE,spacy
DQ3lMB-CH-Q,gobabeb,Asilidae,GPE,spacy
DQtEQWBjmNA,harnaswildlifefoundation,San,LOC,spacy
DQtEQWBjmNA,harnaswildlifefoundation,San family,GPE,spacy
DQtEQWBjmNA,harnaswildlifefoundation,Harnas,GPE,spacy
DWk1d0DDHm-,oceanconservationnamibia,Walvis Bay  Entanglements,FAC,spacy
DQ4Hgt0jmeW,harnaswildlifefoundation,Wildlife Sanctuary,GPE,spacy
DQ6lpEcAAZE,gobabeb,the Namib Desert,LOC,spacy
DQrRbjNDa8w,gobabeb,the White Sand Dunes,FAC,spacy
DWlb2t7FEje,oceanconservationnamibia,kayak,GPE,spacy
DQ_hYO8jUi7,gobabeb,the Namib Sand Sea,FAC,spacy
DScZSW5jCsp,ehranamibia,Taiwin,GPE,spacy
DQoIZkHDhRS,harnaswildlifefoundation,Nick,GPE,spacy
DQoIZkHDhRS,harnaswildlifefoundation,Epukiro,GPE,spacy
DQoIZkHDhRS,harnaswildlifefoundation,Nick,GPE,spacy
DS7R0D8DCQb,ehranamibia,Christin,GPE,spacy
DVMf89JiGPo,ministry_of_environment_nam,the Omaheke Region,GPE,spacy
DUHugIJCJJQ,ministry_of_environment_nam,Russia,GPE,spacy
DVO6X1fiLN9,ministry_of_environment_nam,Kunene Region,GPE,spacy
DVO6X1fiLN9,ministry_of_environment_nam,Kunene Region,GPE,spacy
DVO6X1fiLN9,ministry_of_environment_nam,the Skeleton Coast Park,LOC,spacy
DVRF9_RCMyN,ministry_of_environment_nam,the Omaheke Region,GPE,spacy
DVRF9_RCMyN,ministry_of_environment_nam,the Omaheke Region,GPE,spacy
DRl7hUtgW--,harnaswildlifefoundation,San,GPE,spacy
DRR08Jyiog6,namibia_nature_foundation,Chetto,GPE,spacy
DRR08Jyiog6,namibia_nature_foundation,Bwabwata National Park,FAC,spacy
DR39HtJgmv4,harnaswildlifefoundation,Harnas Guest Farm,FAC,spacy
DRzSbhZDEfq,ehranamibia,Conservation Namibia,LOC,spacy
DR1YTLCDIz2,harnaswildlifefoundation,Harnas,GPE,spacy
DSkSa6hET9N,gobabeb,Santa,GPE,spacy
DWOcsnUDIpz,oceanconservationnamibia,Seattle,GPE,spacy
DSnBI6rCHzY,ministry_of_environment_nam,Etosha National Park,FAC,spacy
DSnBI6rCHzY,ministry_of_environment_nam,Namutoni Resort,FAC,spacy
DSS-iu4jtyt,ministry_of_environment_nam,EIF Namibia,FAC,spacy
DSS-iu4jtyt,ministry_of_environment_nam,the Oshivelo Road Traffic Checkpoint,FAC,spacy
DTQjJL5iIl2,ministry_of_environment_nam,Canada,GPE,spacy
DTQjJL5iIl2,ministry_of_environment_nam,Germany,GPE,spacy
DTrvR10CNL6,ministry_of_environment_nam,the Namib-Naukluft Park,FAC,spacy
DTrvR10CNL6,ministry_of_environment_nam,the Namib Sand Sea,FAC,spacy
DT_tR4nCL1l,ministry_of_environment_nam,Environmental Stewardship,LOC,spacy
DT_tR4nCL1l,ministry_of_environment_nam,the Republic of Namibia,GPE,spacy
DT5U_tKCLTG,ministry_of_environment_nam,Africa,LOC,spacy
DUqU3urCOlq,namibia_nature_foundation,@undpnamibia,GPE,spacy
DUqU3urCOlq,namibia_nature_foundation,GIZ Namibia,GPE,spacy
DUqU3urCOlq,namibia_nature_foundation,Kunming,GPE,spacy
DWboxZriOr5,eif_namibia,Etosha National Park  Today,FAC,spacy
DWboxZriOr5,eif_namibia,Etosha National Park,FAC,spacy
DSB_StyiP9N,ministry_of_environment_nam,Nairobi,GPE,spacy
DSB_StyiP9N,ministry_of_environment_nam,Kenya,GPE,spacy
DQoxtvHiEiB,ministry_of_environment_nam,Southern Africa,LOC,spacy
DSHY-RICNI1,ministry_of_environment_nam,Kavango East,LOC,spacy
DRzUzfEiDhG,ministry_of_environment_nam,Germany,GPE,spacy
DRZYCRciGff,ministry_of_environment_nam,Mashare,GPE,spacy
DUneNtoiFmf,eif_namibia,the Global South,LOC,spacy
DT16QUUjpHs,harnaswildlifefoundation,Harnas,GPE,spacy
DRCDcjeiPo8,ministry_of_environment_nam,Brazil,GPE,spacy
DRCDcjeiPo8,ministry_of_environment_nam,Africa,LOC,spacy
DRpNNWuiEbq,ministry_of_environment_nam,Omaoipanga,GPE,spacy
DVqBEnpiMbf,ministry_of_environment_nam,Kavango East Region,LOC,spacy
DVqBEnpiMbf,ministry_of_environment_nam,the Bwabwata National Park,FAC,spacy
DT5BcGpDCOg,ehranamibia,Okongue,GPE,spacy
DUI6f7uiG8n,ministry_of_environment_nam,Fish River Canyon,LOC,spacy
DUI6f7uiG8n,ministry_of_environment_nam,Ngoma,GPE,spacy
DQwlJwfDWbc,gobabeb,Mesembryanthemum spp.,GPE,spacy
DQwlJwfDWbc,gobabeb,Tetraena,GPE,spacy
DQoS5CdDHLo,ehranamibia,Anigab,GPE,spacy
