Post_ID,visual_zeroshot,visual_zeroshot_margin,visual_hdbscan
DWbxil5DMTW,people_event,0.0104,6
DXbu79iDCnX,poster_text,0.0113,1
DWjdIZtjHgI,behind_the_scenes,0.0051,18
DWbAAoijFTa,poster_text,0.0291,2
DWW4P-5CLtE,person_portrait,0.0407,12
DWUhj7VjtYE,person_portrait,0.0389,12
DRUGF9ajCli,people_event,0.0443,18
DXceVTokb5e,animal_portrait,0.0344,5
DUxWaDAiHXN,animal_portrait,0.003,1
DXbU3-0DCwx,behind_the_scenes,0.0313,18
DXuf7d6EZeD,animal_portrait,0.0403,5
DVAe29YCKEl,animal_portrait,0.0086,8
DXhn93Tjbxw,animal_portrait,0.0444,5
DXgfcC4CBh-,person_portrait,0.0313,13
DUx-o2qCL2l,poster_text,0.0125,1
DXmxhmVDVZm,behind_the_scenes,0.0152,10
DVGf_p2iJ72,behind_the_scenes,1e-04,12
DXqj3iSiA-v,person_portrait,0.0062,12
DXivehMRBFx,animal_portrait,0.0349,4
DVvS2FYjO4c,behind_the_scenes,0.0469,10
DXhEfFxiKkR,person_portrait,0.0015,13
DU2f6MXjhAG,landscape_scenery,0.0616,16
DUh5k2lAUk4,behind_the_scenes,0.0234,11
DVIyH5WjD2M,animal_portrait,0.0043,-1
DXtx6MkCJiI,poster_text,0.0365,13
DVYvpYOjOdh,behind_the_scenes,0.0169,-1
DV8qrmUDGoW,people_event,0.0586,18
DVa3opXjgA4,animal_portrait,0.0452,8
DVF8oQhjpcp,behind_the_scenes,0.0276,-1
DUP4CreEVt1,person_portrait,0.0259,15
DWny2u3DoHP,behind_the_scenes,0.0175,19
DWBK6wwjrgc,animal_portrait,0.043,8
DVskknKErzC,behind_the_scenes,0.0572,-1
DXJwT-bjkEW,behind_the_scenes,0.0231,17
DWQnsyXjpjb,landscape_scenery,0.002,8
DWws0QXjeph,poster_text,0.0015,2
DVX-MaIDs-A,animal_portrait,0.0169,8
DU8LQZCDHZD,animal_portrait,0.0037,11
DWgEfuPDuiu,landscape_scenery,0.0122,10
DW4bUExGWiB,people_event,0.0284,18
DXMoBOzDnXM,behind_the_scenes,0.0165,15
DXWs260ldFZ,infographic_data,0.0148,-1
DWrjZFUDvNu,animal_portrait,0.0281,5
DWmZr1-Ewni,animal_portrait,0.0255,5
DTfkmjZiIqB,poster_text,0.0298,2
DTxc-x1iMoN,people_event,0.0461,18
DW4hFLgDm7x,people_event,0.0091,12
DRe7J7VjG1W,person_portrait,0.0102,-1
DRb4AbSDIld,infographic_data,0.0107,12
DXHaZrliNMl,person_portrait,0.0367,13
DXCNPQDCMkN,animal_portrait,0.0397,9
DXMfT__iL4g,people_event,0.0099,-1
DXHih5GiFjt,poster_text,0.0055,3
DXCM5WvCK1G,person_portrait,0.0176,13
DSJ-pEaCZpG,animal_portrait,0.0132,8
DXOusaviOJN,person_portrait,0.0224,13
DSRtCbRj9Wv,behind_the_scenes,0.0289,-1
DSJ-qKtlVzK,animal_portrait,0.0493,4
DXcTP6pCFgr,behind_the_scenes,0.0691,6
DSetnWpEdUz,animal_portrait,0.0088,8
DXLzm_7CPil,person_portrait,0.0085,13
DXb9mmtiBmy,person_portrait,0.0141,13
DXPSz7wCFzY,people_event,0.009,12
DRPdL0MjNdg,poster_text,0.0288,4
DXfEn4XjoXB,poster_text,0.026,8
DWI5Bgrijl6,poster_text,0.045,1
DQrx5BLD64o,poster_text,0.0007,-1
DWoX4BUCpCZ,poster_text,0.0204,7
DWlbimAChbY,poster_text,0.0081,2
DWLzna6im7B,poster_text,0.0489,1
DRJmoBPDER3,person_portrait,0.0045,13
DWYsdYrCvaE,poster_text,0.0157,-1
DWOYeqICgEF,poster_text,0.0454,1
DWV5l8TCp7a,poster_text,0.0333,1
DQmoSzej7Cs,landscape_scenery,0.0112,-1
DRKRMspjOJr,behind_the_scenes,0.0117,12
DQmVJK-ji6U,behind_the_scenes,0.046,-1
DRPZSnICLAt,branding_logo,0.0056,13
DXJOpNMFqRt,behind_the_scenes,0.0626,-1
DXwfTUBjkcO,behind_the_scenes,0.0384,-1
DQ8u1Tdjfxy,landscape_scenery,0.0146,-1
DW1KVyzCmTL,poster_text,0.0104,7
DQvufAaFCLQ,behind_the_scenes,0.0422,-1
DROvNLoDNmc,branding_logo,0.0131,-1
DQoIHPqDDxC,poster_text,0.0032,12
DW9k8REk6pa,animal_portrait,0.0106,-1
DW-3Ni3gdfG,people_event,0.0121,14
DRC9C5yCNUK,people_event,0.0145,19
DRNXF-BgS9b,animal_portrait,0.0003,-1
DXxKLyiGcYl,animal_portrait,0.0016,9
DXGjtBPFtcW,people_event,0.0038,14
DXEY-ltlqzA,person_portrait,0.0127,-1
DWn1ukqCqP6,poster_text,0.0247,7
DXO2wrHFpDS,people_event,0.0174,14
DXbYa58lhWu,behind_the_scenes,0.0446,-1
DXWIgNFloaI,people_event,0.0152,-1
DXMHXGjlv3g,branding_logo,0.0196,-1
DVwU7pzDM_m,landscape_scenery,0.0003,8
DV6oG8iDJKi,animal_portrait,0.0058,-1
DVomlnGjA8A,animal_portrait,0.0066,5
DWHgHlgj4h3,animal_portrait,0.0278,5
DWCWeXDDvpY,animal_portrait,0.0028,5
DWUYKewCPZI,infographic_data,0.0097,-1
DV1ejcrjD4w,animal_portrait,0.0147,5
DWZhpaAj9mI,animal_portrait,0.0263,5
DWMpye-jTwn,people_event,0.0145,14
DR2Pq0aDO16,animal_portrait,0.0255,9
DSpvIk3DMXZ,animal_portrait,0.0366,9
DXe7m2rEo4m,animal_portrait,0.0412,4
DXr5rGXmV5m,animal_portrait,0.0356,4
DWqKBa7j5v4,poster_text,0.0215,-1
DW3oE3qFjbF,person_portrait,0.0113,-1
DWjZfpulh0r,behind_the_scenes,0.0115,-1
DSVJ6XUDP5G,animal_portrait,0.021,4
DWZose4CUA7,animal_portrait,0.0106,-1
DWs8j4KATCm,animal_portrait,0.0127,8
DS2oMpeDIjB,animal_portrait,0.0438,4
DVeTWHdlzyU,animal_portrait,0.0262,5
DTGPqHUjOPo,animal_portrait,0.0345,4
DW6aWEHllsp,branding_logo,0.0227,2
DU-bZq3inWr,poster_text,0.02,7
DUtYO6nDaS4,animal_portrait,0.0413,5
DWn5r-flixF,animal_portrait,0.0431,4
DWa0GEIgUev,branding_logo,0.0118,2
DXpWrXrDEJt,animal_portrait,0.0186,4
DW5xIWgllJY,behind_the_scenes,0.0015,14
DU_ZzNqDJmc,landscape_scenery,0.0008,-1
DVMRx8yCMbB,animal_portrait,0.0249,5
DWrjZUMCXX9,animal_portrait,0.0106,-1
DVRbYULjY8q,animal_portrait,0.0402,5
DVjc9hvjaPy,animal_portrait,0.0279,5
DXZhne-jWEN,animal_portrait,0.0076,4
DVa5zYsCm_O,poster_text,0.0107,1
DSAiXtljEJ3,animal_portrait,0.026,11
DVWk_9XDbv8,animal_portrait,0.0041,-1
DTQXoYHDNgM,animal_portrait,0.0224,11
DVEjcvgj1xY,behind_the_scenes,0.0041,11
DU6QOvFk9xX,behind_the_scenes,0.0318,4
DXuRr8pGfJ_,poster_text,0.0093,4
DViTTw0CueE,poster_text,0.0326,7
DXca0cil6Mk,behind_the_scenes,0.0284,15
DXVdVqvGBrZ,animal_portrait,0.0082,9
DSFsknpDGEy,animal_portrait,0.0098,9
DVtL7Z1Cgjg,poster_text,0.0055,1
DVtRIKfigl2,branding_logo,0.0016,7
DWnyV1Wls37,behind_the_scenes,0.0309,-1
DWcGfdLjB95,people_event,0.0061,14
DVgLvVmipRs,infographic_data,0.0071,2
DV1elZ8D0VV,animal_portrait,0.0066,-1
DT-JQYiimAB,behind_the_scenes,0.0157,7
DUX_wPFCgIs,poster_text,0.0326,7
DT98qQrCBCZ,poster_text,0.0487,1
DWMpxKqjnAZ,behind_the_scenes,0.0263,10
DUQylVEiPWw,people_event,0.0362,19
DV9M4tnAc73,landscape_scenery,0.008,-1
DV4Db60iEI4,people_event,0.0532,18
DUELhjJjd7D,people_event,0.0335,18
DTugAKuirZm,poster_text,0.0294,1
DV6hPrUj1sO,people_event,0.0266,14
DUOesl5jXwq,animal_portrait,0.0522,5
DT8dIW2iCC3,animal_portrait,0.0238,5
DUbWq9sk2fR,animal_portrait,0.0283,5
DUWNHNmDsUE,animal_portrait,0.0142,5
DTqbkOCjdCj,animal_portrait,0.0032,5
DT3TiZ9DdmI,animal_portrait,0.0234,5
DTyJ9OpgXzm,poster_text,0.0306,1
DWE0qc5Evit,poster_text,0.0054,-1
DU5v6CKCn_O,landscape_scenery,0.0317,7
DWHgK_VkmUt,animal_portrait,0.0106,-1
DWI5bFigUef,people_event,0.0648,18
DUoOpqdjEUM,animal_portrait,0.0225,5
DWCWecbj-kV,behind_the_scenes,0.0088,14
DUggSmvjmH0,behind_the_scenes,0.02,-1
DV_xrwzjCSH,people_event,0.0033,18
DV1RBwxDDEe,behind_the_scenes,0.0082,6
DW4VErZEjmD,behind_the_scenes,0.0186,-1
DXFDkC8EZUF,poster_text,0.03,10
DXB-DjOjmZ2,behind_the_scenes,0.0041,6
DXMiL7jjXgk,animal_portrait,0.0121,6
DRFUHr8DPls,animal_portrait,0.0491,4
DQuKrLZDCfh,animal_portrait,0.0409,8
DRkL8DrjBZz,animal_portrait,0.0381,11
DW69EwJESBc,animal_portrait,0.0187,4
DW2bF8jjNJE,behind_the_scenes,0.0526,6
DVvyBh7Csmj,branding_logo,0.0082,7
DWBU3t0ilGW,poster_text,0.0436,1
DWD7q9hijMg,poster_text,0.0236,7
DVyHG_Jijrz,poster_text,0.009,7
DTibOjAjHCe,animal_portrait,0.0255,4
DV0so-eCkJk,branding_logo,0.0067,7
DRhp-g_DJMg,animal_portrait,0.0321,4
DUJVGkOjxSn,animal_portrait,0.0341,5
DVimfKujWUT,poster_text,0.0031,-1
DQ4iGjBjLUz,people_event,0.001,18
DRP35sUjLR6,poster_text,0.0502,-1
DQ87jsuDEw5,poster_text,0.0256,7
DWURr-cDbzB,poster_text,0.0263,8
DTamIGPCnjn,poster_text,0.0347,7
DVen7U1DDSX,behind_the_scenes,0.0335,14
DVl64BGCPgg,animal_portrait,0.0351,8
DWW44aTDSt2,behind_the_scenes,0.006,19
DWouAPSEVB9,behind_the_scenes,0.0024,6
DWl7H61DbCB,animal_portrait,0.0441,4
DRj_EEGDNma,branding_logo,0.0014,7
DWhFSe_Epwk,animal_portrait,0.0183,4
DV1dpcLjf4m,person_portrait,0.0121,15
DWaZbb-D-L5,behind_the_scenes,0.026,-1
DVqo_9BgVKV,people_event,0.0229,14
DWsMJvfjOo5,animal_portrait,0.0329,4
DVtwG76oLp5,person_portrait,0.0129,-1
DVqcuKHmK2G,branding_logo,0.012,2
DRKInR5DE1a,people_event,0.0165,7
DUDf5d4DUm_,branding_logo,0.0118,-1
DVjdARTD6tT,animal_portrait,0.0106,-1
DVyJnZlDMPe,landscape_scenery,0.0045,-1
DVmCpq8jAER,animal_portrait,0.0004,6
DWWv0b4kmFB,poster_text,0.0074,4
DReQDwTDOOM,infographic_data,0.0176,7
DSvNTG6DxNi,animal_portrait,0.0252,5
DVrBQE7jEWE,behind_the_scenes,0.0069,6
DVwVD1GjiEL,people_event,0.0214,-1
DVy5ucnCAYI,landscape_scenery,0.0004,16
DS0W5kkD2zk,behind_the_scenes,0.0067,14
DVthvBkjAAF,behind_the_scenes,0.0079,6
DU-ncR0jTOc,people_event,0.0149,12
DS8FQVIjdpH,animal_portrait,0.0384,5
DTGYcjdjeVp,animal_portrait,0.0135,5
DS-qEVPADma,animal_portrait,0.0168,5
DTBO21Djf01,animal_portrait,0.0112,5
DTgIY48D2Bx,people_event,0.0593,18
DTYZ__3jMEy,behind_the_scenes,0.0244,-1
DTOG1rZj1Wf,animal_portrait,0.0201,5
DT8Hxp4DMQV,behind_the_scenes,0.0378,11
DTTQcXSDwcQ,animal_portrait,0.0525,5
DTlR_2oEp9y,animal_portrait,0.0481,5
DU59lkXjDeX,animal_portrait,0.042,4
DUlV2iNCOB0,animal_portrait,0.0064,11
DUGbxzVDE1m,animal_portrait,0.039,4
DSGA6a6gTQ3,animal_portrait,0.0466,5
DVJlhV9DD_m,behind_the_scenes,0.013,-1
DWOuG89jwy0,behind_the_scenes,0.0766,10
DVWk_muDRUJ,behind_the_scenes,0.0265,10
DVCCqirFE2-,behind_the_scenes,1e-04,-1
DVBDGWRjKFU,behind_the_scenes,0.0152,6
DVeTYKBDDi-,behind_the_scenes,0.0249,17
DRwcckvjYNV,animal_portrait,0.0398,5
DR5IqOsiJb_,animal_portrait,0.0312,5
DVZeWt7AodX,behind_the_scenes,0.0222,10
DV99gHxDCdy,poster_text,0.0094,4
DVZJxG8gdBv,behind_the_scenes,0.0067,11
DVHILyij3Ej,behind_the_scenes,0.0763,10
DRz_BrsjG0U,infographic_data,0.032,-1
DSiVUl0gTF5,infographic_data,0.0974,-1
DSQTzsPDRJ6,animal_portrait,0.0505,5
DSdLvtCiO9N,animal_portrait,0.0215,5
DVT5VGnDVSk,behind_the_scenes,0.0238,-1
DSqDr_mAgXH,animal_portrait,0.0278,5
DSLMZorAZyc,animal_portrait,0.0255,5
DVv5Vyeje89,behind_the_scenes,0.0044,-1
DR-SMDzDZx2,people_event,0.0012,14
DSYCJfoj4ik,animal_portrait,0.0231,5
DVavhOlDFHe,behind_the_scenes,0.0198,-1
DRsQo-BARQL,animal_portrait,0.0287,9
DXtaDoijIT_,animal_portrait,0.0026,8
DVO3p9GDGew,behind_the_scenes,0.0014,10
DWAqKGpkuSD,poster_text,0.0022,8
DWFHDlUj2ZX,animal_portrait,0.0027,5
DV7XJOljNi_,animal_portrait,0.0389,4
DWCI-u-Ee46,animal_portrait,0.0106,4
DXJ6PfWFpCF,landscape_scenery,0.0011,0
DXUHBZnltwo,landscape_scenery,0.0328,0
DWHfqggD7KW,animal_portrait,0.0331,4
DXMYTYjlr_q,animal_portrait,0.0389,8
DXQx2jFFrjg,behind_the_scenes,0.0011,10
DXG8IUMDeZj,branding_logo,0.0051,0
DXEcMZZDgY7,animal_portrait,0.0715,8
DXO2QOUln2I,behind_the_scenes,0.0079,18
DW9CcE-D6SX,animal_portrait,0.0164,9
DXWQDv-iRp8,landscape_scenery,0.0078,-1
DXJnfgRDJCq,people_event,0.024,18
DWgtt_SgXiB,animal_portrait,0.0089,9
DWWoOTkjmc6,animal_portrait,0.0442,8
DW0itq8DiiZ,animal_portrait,0.0447,9
DWnsHF-DQxD,animal_portrait,0.0364,-1
DUtRbGeCDvW,animal_portrait,0.0106,-1
DXWUuVLiluH,infographic_data,0.0218,-1
DXLyjUAjZ73,poster_text,0.0071,1
DWELR2UDkdM,animal_portrait,0.0312,4
DXPE5MbDHp0,people_event,0.0147,-1
DWatI5sjiv8,landscape_scenery,0.0052,0
DXbe6nYCnwx,poster_text,0.0009,1
DWlb0sNDFI2,behind_the_scenes,0.0126,19
DW3daffjCif,behind_the_scenes,0.0177,10
DXoz26sjP1a,branding_logo,1e-04,15
DWtKKg3jMKm,behind_the_scenes,0.0601,10
DXWhPTbE16s,poster_text,0.0076,-1
DUi-O5xmKYK,animal_portrait,0.0232,8
DWODCFVDkCp,landscape_scenery,0.0036,0
DXTqzuxjCXj,behind_the_scenes,0.0026,-1
DXgjOMjoc5M,behind_the_scenes,0.0633,-1
DUqspAglZWX,animal_portrait,0.0278,6
DV_Pa2ujuyN,landscape_scenery,0.0313,0
DW3IxVCjip9,behind_the_scenes,0.029,10
DU0pr3KjK2K,behind_the_scenes,0.0235,6
DUv9CdXiIPB,branding_logo,0.0088,0
DUk1QjjDDWR,behind_the_scenes,0.0394,-1
DUoHy9SjDWf,animal_portrait,0.019,4
DXbqi4PDIfu,behind_the_scenes,0.0318,10
DWp8LUSDnGz,landscape_scenery,0.0302,16
DWyTxceDHN1,animal_portrait,0.059,8
DU81AbnCf5j,behind_the_scenes,0.0415,-1
DU_MJCCghr8,animal_portrait,0.0106,-1
DU0kTVJiYGd,people_event,0.0253,14
DU8KNrLDLWc,branding_logo,0.0515,6
DRDKx7WjEV0,animal_portrait,0.0328,5
DVZ3LZRElaC,animal_portrait,0.0336,4
DVXZSXLDLb0,behind_the_scenes,0.0098,6
DVoFl_YDezG,animal_portrait,0.0286,6
DVghGJuDbWD,animal_portrait,0.015,6
DVeHLEsEZn4,poster_text,0.0142,6
DVteIrHkpr9,animal_portrait,0.0127,4
DQ2L-kBgaVr,animal_portrait,0.0491,5
DQ96W0vD9A5,behind_the_scenes,0.0468,5
DVqtQN1Deaf,people_event,0.0088,10
DVe15yLj6YW,animal_portrait,0.0425,4
DRVFd6ziFlp,animal_portrait,0.0339,5
DRaPEBQjOK7,behind_the_scenes,0.0154,14
DRIGtULDGKm,behind_the_scenes,0.0145,-1
DXWaGU2DI8-,animal_portrait,0.0336,8
DVRbbXIiHaN,animal_portrait,0.0106,-1
DV8V_PjFMlT,animal_portrait,0.062,8
DVgPtlCDbl3,landscape_scenery,0.0342,0
DVSdPEfDGlm,behind_the_scenes,0.0271,6
DVTW8GMjZim,animal_portrait,0.0057,11
DQpT_FHjeeA,animal_portrait,0.0018,9
DVmWaukkpqC,behind_the_scenes,0.0118,6
DVo7FqKjnUw,landscape_scenery,0.0273,16
DQr4xc2jBxf,behind_the_scenes,0.034,11
DVbLx5hjV9r,animal_portrait,0.0282,9
DV8bdWGGfP1,behind_the_scenes,0.01,-1
DVdps8pDG1E,behind_the_scenes,0.0487,19
DV3ir46kge2,landscape_scenery,0.0211,-1
DVHpOKMj7dH,animal_portrait,0.0369,4
DWRTGNGlQCt,person_portrait,0.0167,15
DVLlSpkFEpk,behind_the_scenes,0.0053,0
DWGywKJiuW1,behind_the_scenes,0.0182,11
DWgSNwADO1W,landscape_scenery,1e-04,-1
DUtUiVNjyqn,poster_text,0.0254,-1
DVnOjbSjT6J,person_portrait,0.0251,-1
DVyb81qEv7Z,behind_the_scenes,0.0381,10
DWQ_vNvDHIN,person_portrait,0.0674,15
DVGseIDDyuy,poster_text,0.0049,14
DWMOLvjI0E1,animal_portrait,0.0263,11
DViwwfADNh2,animal_portrait,0.0511,8
DVPx65yjFAk,animal_portrait,0.0193,4
DWHAQoDDCFJ,behind_the_scenes,0.0355,15
DU--e3nDTLy,animal_portrait,0.0194,4
DWYj25RjKBe,animal_portrait,0.0307,8
DUwbUUNj_NO,animal_portrait,0.0244,4
DWOp8pRgrY-,behind_the_scenes,0.0311,-1
DVKnOCFkeoh,animal_portrait,0.005,4
DWI1jSjCECU,branding_logo,0.0021,13
DVRh1txjwyW,behind_the_scenes,0.0169,6
DWlx5zxDR9z,poster_text,0.0181,-1
DWW2_T3iBZt,behind_the_scenes,0.0008,12
DXJDgC_j8QH,people_event,0.0166,12
DXG_Rg6gKjW,people_event,0.0525,18
DXGuQgdClUM,people_event,0.0418,18
DRh9fYtF7oD,animal_portrait,0.0338,5
DWIr7PTE4-T,behind_the_scenes,0.0168,1
DQkKY5FCLco,poster_text,0.0006,2
DRnHDGCDVEp,animal_portrait,0.0084,5
DXhaLKmlu0M,behind_the_scenes,0.0046,0
DVDHgPFCJDL,person_portrait,0.0243,15
DV3ClNUjpXi,landscape_scenery,0.0179,0
DWOMpv0ipjl,landscape_scenery,0.0079,17
DRjkb12glvq,animal_portrait,0.0093,5
DU5pU_UjQsQ,animal_portrait,0.0189,4
DWYWQYjjZtc,behind_the_scenes,0.0447,11
DWa67ppjZEz,people_event,0.0301,-1
DWipTbxDK8S,behind_the_scenes,0.0465,17
DWgIriWDQxg,landscape_scenery,0.0009,17
DWlOT-GDX6g,animal_portrait,0.0223,11
DVgC6V2ioa5,animal_portrait,0.0253,9
DVTDeXjjmMZ,behind_the_scenes,0.0431,17
DU50x96jR1d,landscape_scenery,0.0381,17
DVyESaDDdiT,behind_the_scenes,0.0411,11
DVI864ZjNsa,person_portrait,0.0037,17
DVLjRgJDs5J,behind_the_scenes,0.071,17
DR1lAl1DNyj,animal_portrait,0.0211,4
DVtYmYXDoF9,behind_the_scenes,0.0442,17
DRoh4CgjIdg,branding_logo,0.0045,-1
DV1DmH0CkLB,behind_the_scenes,0.0592,17
DSSZ_zZjCkl,behind_the_scenes,0.0056,-1
DSVAuMcDEaR,behind_the_scenes,0.0128,-1
DVOUUsFiHNk,behind_the_scenes,0.0245,11
DVYvl7RiVL5,behind_the_scenes,0.0862,-1
DRZpsCYDKQo,people_event,0.031,18
DU0iQhODA9h,person_portrait,0.0527,15
DRjpDiHjHFV,behind_the_scenes,0.0019,11
DVlOuZXjkcq,behind_the_scenes,0.054,-1
DVOGgyQDCdJ,behind_the_scenes,0.0485,-1
DUi1DKFEswt,animal_portrait,0.0236,4
DVTacFEDDjq,poster_text,0.0254,-1
DRbhlL9jFj-,behind_the_scenes,0.0844,10
DUamruyjIvp,behind_the_scenes,0.0163,19
DU8Q-V6Eh8X,landscape_scenery,0.0179,8
DVakVfSCFgS,animal_portrait,0.0212,1
DUq4ZLtj73l,behind_the_scenes,0.0463,19
DVOQ3h4DCqP,behind_the_scenes,0.0104,19
DVIvSh2jPbB,animal_portrait,0.0339,8
DU-1O9BCJ5U,person_portrait,0.013,12
DU_BedZDHK_,poster_text,0.0496,3
DUlJ-T9DMsS,behind_the_scenes,0.0192,14
DVan0V-iFrF,people_event,0.0614,18
DU-z_9ziHyK,behind_the_scenes,0.0069,12
DUVa739DPUG,animal_portrait,0.0522,8
DTe7EkljNLD,poster_text,0.049,2
DWB8QHqjWrn,behind_the_scenes,0.0482,-1
DVdH45gAVk4,people_event,0.0151,18
DUQkt2iDA7P,animal_portrait,0.0031,8
DUGHK9qjPW3,landscape_scenery,0.0041,6
DVslJUkiCXw,people_event,0.0232,18
DUDUlzWDmzd,animal_portrait,0.0289,5
DWGMzA5iEYq,behind_the_scenes,0.038,15
DULC8MvjkTx,person_portrait,0.0408,15
DUQMkcKCKzR,behind_the_scenes,0.0151,-1
DVqFzwkiKC1,behind_the_scenes,0.0729,-1
DQ33W_MDIWT,poster_text,0.0152,2
DQwc21VjCay,people_event,0.0638,12
DTrtFpEjvQr,branding_logo,0.0038,10
DSrIVS5jgIs,branding_logo,0.0073,-1
DT2qXbkDhAW,animal_portrait,0.0397,8
DTHj9wWDrOW,animal_portrait,0.0456,5
DTz6o0ADgsG,behind_the_scenes,0.0057,11
DROlo6ODMZ2,poster_text,0.0197,2
DTMth9CDqsA,behind_the_scenes,0.0152,10
DS1iZTWjqdX,animal_portrait,0.0461,11
DTCaWV3DqXt,animal_portrait,0.0215,4
DSRfVglE9R7,people_event,0.0623,18
DSUdHpljhNG,people_event,0.0083,12
DTu6OvXDGvb,behind_the_scenes,0.0133,18
DUak3CWihKh,people_event,0.0282,18
DTc2Yz7FK4g,branding_logo,0.0026,0
DTpriFKDEoy,behind_the_scenes,0.0032,10
DUAvy1HCrdK,behind_the_scenes,0.0333,-1
DTpkqRcjKoI,poster_text,0.0043,-1
DUDwkx3CoSw,behind_the_scenes,0.0421,-1
DTdBVo0DE80,animal_portrait,0.0252,8
DU-z0VTCIDD,people_event,0.0804,18
DTQJTa4DCHb,animal_portrait,0.045,-1
DT-LDRWDLjo,behind_the_scenes,0.0259,11
DUYS-aeDTbR,behind_the_scenes,0.0231,17
DUIs9smjU9U,behind_the_scenes,0.0355,11
DUFkxsrAbe6,behind_the_scenes,0.0784,-1
DTZwVuyDPzv,people_event,0.0452,14
DS8gr-cjs7N,poster_text,0.0163,-1
DQ_R3ppjGei,branding_logo,0.0224,7
DUlFFvqlza-,behind_the_scenes,0.0584,-1
DUu_PDljEOn,animal_portrait,0.0126,11
DUsTl7-CLzI,behind_the_scenes,0.005,11
DUirI8jCpq9,landscape_scenery,0.0005,10
DUm4LN7ij2P,behind_the_scenes,0.0132,10
DUxWVHkkQKe,animal_portrait,0.0208,11
DTz7HPojK0l,animal_portrait,0.0446,8
DUSPBlNAdD2,people_event,0.0281,18
DUz7IcljPlu,landscape_scenery,0.0162,17
DR_9tu4DEa9,landscape_scenery,0.0205,6
DTSSRVGDovn,poster_text,0.0415,2
DSAAY7CCL0h,infographic_data,0.0319,-1
DRUoRnVip6U,behind_the_scenes,0.0057,1
DTkwKMyDiTL,behind_the_scenes,0.0129,8
DRwLY29iqCu,behind_the_scenes,0.0328,10
DRysmMAjjkE,animal_portrait,0.0372,11
DTZ8t_rjf0K,animal_portrait,0.0036,11
DRkD-f8ChaE,behind_the_scenes,0.0073,12
DTP7j3RDHLk,person_portrait,0.0491,15
DRyly-3Elxh,behind_the_scenes,0.0132,12
DSRmHo9jktf,animal_portrait,0.0017,0
DT0Ic-vDqZS,behind_the_scenes,0.0145,15
DRoZZFWDisZ,behind_the_scenes,0.0031,10
DUafvG0Dt8S,animal_portrait,0.0327,9
DTczhoqCMi3,landscape_scenery,0.0046,12
DTxbld2jk4g,behind_the_scenes,0.0278,11
DSjumFdDrHH,animal_portrait,0.0434,9
DTsjxydDrqm,behind_the_scenes,0.0675,-1
DSWvw0ojpo2,animal_portrait,0.0254,9
DRUeLV4kVdA,branding_logo,0.0008,12
DRti-4hkrSH,behind_the_scenes,0.0033,16
DSANRZ7Csag,poster_text,0.0081,2
DRylxXvCGVv,branding_logo,0.0164,12
DUVWG6IDlEW,animal_portrait,0.0176,11
DSHS8tCjoMU,branding_logo,0.0091,0
DSo4McVCYZ-,person_portrait,0.0406,15
DTxnqemDkJW,infographic_data,0.0302,11
DScAMoqDGfB,animal_portrait,0.0288,4
DR32LTpDqq9,animal_portrait,0.0337,5
DSMjgNigije,animal_portrait,0.0118,10
DUl-h-iDtVF,behind_the_scenes,0.0177,0
DWn0BodDtvi,behind_the_scenes,0.0104,-1
DU2k5TgCEm4,landscape_scenery,0.0227,0
DRkDGmqil3i,behind_the_scenes,0.0381,12
DUvBEwdiOJq,branding_logo,0.0083,0
DU-uqVPiIUw,animal_portrait,0.0398,4
DU0deWyDr98,landscape_scenery,0.0288,0
DSCJVfvDiLC,behind_the_scenes,0.047,10
DW3h9rpioLY,behind_the_scenes,0.0047,17
DUGAYhbjqCg,behind_the_scenes,0.0243,-1
DUF8p2CDAtQ,poster_text,0.0137,2
DU3V6-wjMVm,poster_text,0.0024,-1
DW6B_l-iuQh,poster_text,0.0563,7
DXLuD9Wijhj,animal_portrait,0.038,8
DUiOGOniVHI,animal_portrait,0.0082,11
DSrLZqAACD4,people_event,0.0095,-1
DSmTYczjsqm,animal_portrait,0.0223,8
DTw-cFFjt7_,animal_portrait,0.0084,-1
DW6RMLZinP8,behind_the_scenes,0.0139,17
DXZHhSxCp6z,people_event,0.0312,7
DTSTWrNDnOT,poster_text,0.0508,2
DXbqlj7CmfU,poster_text,0.0492,1
DUDNt00DuTz,animal_portrait,0.0251,8
DXOW8EeCnoE,poster_text,0.0197,7
DXEgAVWCtkH,people_event,0.0157,-1
DTxCXWpDE4V,people_event,0.0091,-1
DS1wKIEjqZf,animal_portrait,0.0123,8
DXeGKudihBK,people_event,0.0244,-1
DTHxtDGDjph,people_event,0.0357,18
DW8ck9sijNW,behind_the_scenes,0.0366,-1
DXbo4bICltt,poster_text,0.0207,1
DQyN13UDdWR,animal_portrait,0.0321,8
DXodK1uCjQS,behind_the_scenes,0.0139,7
DQ_hY2pDcxc,people_event,0.0062,-1
DQ9QJa0iknB,behind_the_scenes,0.0522,-1
DSCwOfFDlpl,behind_the_scenes,0.007,12
DRgkG3FDuJS,animal_portrait,0.0453,8
DRzYNeKCo0L,landscape_scenery,0.0475,17
DRL9xcejsyu,behind_the_scenes,0.0004,11
DRKJ-EZigFp,people_event,0.0475,18
DSMVuCOCTl_,behind_the_scenes,0.0305,6
DRKTe9SitKH,behind_the_scenes,0.0055,12
DSXZ7bpjjzq,person_portrait,0.0421,15
DRKPnfYCp6K,animal_portrait,0.007,6
DS1qVQYjqcs,landscape_scenery,0.0024,6
DScbrOljail,behind_the_scenes,0.0241,17
DRCbRmxja_O,behind_the_scenes,0.0491,15
DT2pb6hiLJo,poster_text,0.0372,2
DSIF5R8D3c2,animal_portrait,0.0069,6
DUDbb2FjD8p,people_event,0.0041,19
DReHoxSjt92,person_portrait,0.0033,15
DT2HsqsjWhH,people_event,0.0695,18
DRl0mmRiO6j,animal_portrait,0.0526,4
DUaqWnPCDxU,people_event,0.0021,12
DS62I6pDk7E,infographic_data,0.0157,-1
DRWQ-B9jmwx,animal_portrait,0.0431,4
DRTyj6qimZ8,behind_the_scenes,0.0134,19
DSZ25aFj-dD,landscape_scenery,0.0288,17
DXPmUSmAsWS,animal_portrait,0.0271,5
DXwKK3PCoiw,person_portrait,0.0104,7
DXbynlCjsnU,poster_text,0.0486,1
DXg39MKjeJB,behind_the_scenes,0.043,17
DXUv-0KjLn4,animal_portrait,0.038,5
DXbSywhDQWF,landscape_scenery,0.037,17
DWEnQrpO-q8,animal_portrait,0.0432,4
DV84SaljvmX,animal_portrait,0.0337,11
DVbcgVLDPGM,animal_portrait,0.0332,4
DWb7j2uDMKS,animal_portrait,0.0304,4
DVRGvV1DNZT,animal_portrait,0.0299,6
DQn6pZKjmE6,animal_portrait,0.0523,8
DWMgGWFjOeC,animal_portrait,0.033,4
DXofbb7Dbv5,behind_the_scenes,0.0108,12
DVq2xA8DRA_,behind_the_scenes,0.007,-1
DVykjIEDLEb,animal_portrait,0.0172,9
DXKc58qjZ0A,landscape_scenery,0.0024,2
DXoAP_2lqoE,person_portrait,0.0214,-1
DXhA84pFEFq,branding_logo,0.0068,10
DW6x4dRjNxf,animal_portrait,0.0282,11
DXt_IDBD93L,animal_portrait,0.0419,9
DXi6TshgSo5,people_event,0.0133,14
DV3Sws3jIWU,behind_the_scenes,0.0038,-1
DWtzXr8ODrc,animal_portrait,0.0564,4
DXwqAO0Fugv,behind_the_scenes,0.0298,15
DWUGbt-DAvh,person_portrait,0.014,13
DXwKk3HCCrp,landscape_scenery,0.0065,-1
DVLyohjjzzO,people_event,0.0509,18
DXexE6XjJDv,animal_portrait,0.0384,4
DXUcLv_jGa4,animal_portrait,0.0341,4
DXY1VUcAHbh,branding_logo,0.0325,6
DXbSvspFoHk,animal_portrait,0.0461,8
DWyGEHKDo5E,behind_the_scenes,0.006,14
DXqvhiqlt1o,behind_the_scenes,0.038,-1
DXJRMa_AkWD,landscape_scenery,0.0186,16
DXWX-PXFqnF,branding_logo,0.0007,12
DVnoukUjl9S,poster_text,0.0439,15
DXgcXcbFpJy,people_event,0.0034,-1
DVvCknRjvf6,branding_logo,0.011,0
DXpCdUhjNBm,person_portrait,0.0072,9
DVQP4NojqaK,landscape_scenery,0.0069,0
DVc6DMtjoUk,behind_the_scenes,0.002,10
DVF8tnJDu1d,people_event,0.0126,10
DVXwcGxjjIi,person_portrait,0.0197,-1
DVJKgdwDE6k,animal_portrait,0.0051,4
DWf9kn4Dsd8,animal_portrait,0.0227,4
DVl6803ArIo,animal_portrait,0.0556,8
DUz7FfoDqtk,behind_the_scenes,0.0045,11
DVa3m5fDjN9,animal_portrait,0.0049,1
DWGNnrpDtYm,animal_portrait,0.019,8
DViKhngjjX9,landscape_scenery,0.0301,0
DU5EsvWjsxF,people_event,0.0287,18
DU-OQhPjn88,behind_the_scenes,0.0216,10
DVLGQ7hDvlC,behind_the_scenes,0.0441,10
DWN8CmPDmjg,landscape_scenery,0.0448,0
DWYPQRHjtlS,behind_the_scenes,0.0579,-1
DWTFsBgjvPD,behind_the_scenes,0.0275,10
DWBEEBWjifc,landscape_scenery,0.0289,0
DV76dOJjpxd,behind_the_scenes,0.0078,11
DXuDcJQiA2H,person_portrait,0.0048,13
DXCuXRniIRH,animal_portrait,0.0082,5
DXYu82YCEDr,poster_text,0.0169,1
DRhNyZnjIg1,people_event,0.0598,18
DQ4p6A_j2N8,animal_portrait,0.0064,-1
DXb98OkiLtY,landscape_scenery,0.0079,12
DWerOqzAbIP,animal_portrait,0.017,5
DU7v1hOilMn,poster_text,0.0326,1
DRSKePSDN6A,animal_portrait,0.0441,11
DWzDJHOkk7W,behind_the_scenes,0.04,15
DV8ic1cCqAP,poster_text,0.026,7
DQ3dSnjDP3l,infographic_data,0.0058,15
DUyh38sDYy-,behind_the_scenes,0.0267,-1
DTw3Yjzim57,behind_the_scenes,0.0049,7
DUP8i2Qigcf,landscape_scenery,0.001,7
DUOX2sXjWu-,people_event,0.0317,14
DWn68aHCAaP,person_portrait,0.0242,12
DUm1Xg9Dmf3,animal_portrait,0.0179,4
DUH7zAPjiP7,behind_the_scenes,0.0416,10
DW3KFFOCN4A,behind_the_scenes,0.052,10
DUPqMmljuGv,behind_the_scenes,0.0211,10
DW3WDZWiA6v,poster_text,0.0385,3
DW3Jis6CDlb,behind_the_scenes,0.0355,-1
DW3WLwbiIzy,people_event,0.0084,12
DW4f5mjjpGm,person_portrait,0.0162,12
DW3JUnYiHWQ,landscape_scenery,0.0564,-1
DWoNu2YiMLw,behind_the_scenes,0.0052,6
DWhVFUtDubq,people_event,0.0612,18
DUYx4VLDCYU,behind_the_scenes,0.0006,-1
DUdtwy-jdBl,behind_the_scenes,0.0325,19
DUr-88XjjJb,landscape_scenery,0.0164,0
DWI6-PhCgDu,poster_text,0.0405,1
DWlUKAsCBNC,infographic_data,0.0093,13
DWhU7LCjva2,poster_text,0.0067,2
DUZ9b7jDh1Z,behind_the_scenes,0.0054,-1
DXvye8QFSV3,poster_text,0.0089,6
DUvvTWQjyn4,person_portrait,0.023,0
DUuxi5_DvLg,animal_portrait,0.0176,4
DXwUHbmk-oD,behind_the_scenes,0.0486,10
DXWCXRoCX7X,person_portrait,0.0083,-1
DRQ69T9ir4N,poster_text,0.0342,2
DXtvQ9SgL98,animal_portrait,0.0161,6
DSsoe4NDfql,poster_text,0.009,-1
DUYeCeoDJs6,behind_the_scenes,0.0115,11
DVcrAuRjsnE,animal_portrait,0.0034,14
DVBpQ6sjE5H,animal_portrait,0.0303,11
DW8Lka0Dbrn,people_event,0.0396,-1
DV_qawHEpSw,animal_portrait,0.0356,4
DU3rabWkYrT,people_event,0.024,14
DQxCVcNj9Cw,animal_portrait,0.0178,5
DVU4KuJDJ9A,behind_the_scenes,0.0215,6
DQvrtOYjDeU,behind_the_scenes,0.0243,5
DRP79xHj7NN,behind_the_scenes,0.0427,5
DVMmZpTjq1t,person_portrait,0.0348,15
DWTTNs3iO3h,people_event,0.0103,12
DXOrcNijX05,people_event,0.0007,12
DVfdclaCI5r,poster_text,0.0448,2
DWIac_JiEFz,poster_text,0.0487,1
DUaaK2PjUEr,poster_text,0.0482,3
DXM5JzSjdGk,person_portrait,0.021,13
DWdxehuCDJo,behind_the_scenes,0.0183,13
DUgMnW8jL3b,animal_portrait,0.0525,4
DXd19oFjkuQ,animal_portrait,0.0064,6
DUbWtOygfZh,animal_portrait,0.0106,-1
DWdkN4BiJyf,people_event,0.0322,18
DXoC0N4mgkj,poster_text,0.0092,6
DXmA4Gtj_Zh,animal_portrait,0.0145,6
DWef2hPCOlX,person_portrait,0.0171,13
DXeSg6pAHo-,person_portrait,0.0153,-1
DUYx5HdiD09,behind_the_scenes,0.025,19
DXZJA_liqWn,behind_the_scenes,0.0163,6
DXbt7IqCLKa,animal_portrait,0.0196,6
DUggUj0iE_S,behind_the_scenes,0.0433,-1
DXg3UF6CdnC,behind_the_scenes,0.0003,-1
DXolt9eDCcN,behind_the_scenes,0.0061,6
DTfYVUaDupz,person_portrait,0.0373,-1
DXjcLK4D8YD,animal_portrait,0.0208,6
DWd8TPlCGNF,behind_the_scenes,0.0026,13
DTSgWRoloBs,infographic_data,0.0132,-1
DS9WiNDCKWA,poster_text,0.0266,2
DWTPuYYiBmk,animal_portrait,0.0005,13
DXtW3C-FV7E,behind_the_scenes,0.0043,-1
DTaOutKjo18,animal_portrait,0.0182,8
DXrKi2OD1Hm,animal_portrait,0.0051,6
DWPV37mjdwz,poster_text,0.0344,-1
DUANbOODsT-,people_event,0.0192,10
DTkh7UFjvTh,behind_the_scenes,0.0492,10
DTitPQkAEdG,behind_the_scenes,0.0167,8
DTsQUhIDj4F,landscape_scenery,0.0169,16
DUCyOBzjtGW,landscape_scenery,0.0301,0
DT_B707iWMb,behind_the_scenes,0.0404,14
DQtsfnrES6W,poster_text,0.02,1
DTn2xOlD7JJ,animal_portrait,0.0135,9
DWdtfb8Cewk,landscape_scenery,0.0364,17
DUqUliEDNSs,landscape_scenery,0.0503,16
DSXuQFEiGjJ,poster_text,0.0648,3
DQlvwlSjZA2,poster_text,0.0407,2
DSqL_CYjCQI,poster_text,0.0032,-1
DRy5ghiDT_W,poster_text,0.0021,-1
DWVnGAginZE,behind_the_scenes,0.0252,11
DU-3de8iG-a,animal_portrait,0.0168,13
DS7VL1aDlsL,behind_the_scenes,0.0289,-1
DSrc9q6DsW-,animal_portrait,0.0105,-1
DSW2mrgjs6h,animal_portrait,0.0429,4
DSjukI4jv4D,behind_the_scenes,0.0534,10
DVax_qWDIWT,animal_portrait,0.0364,8
DVYKqgYiKyD,poster_text,0.0474,3
DTNWuvpjhud,branding_logo,0.0171,0
DScBd6SjrLJ,behind_the_scenes,0.0108,0
DS2LnHADquv,people_event,0.025,10
DS9QwOEjtZU,poster_text,0.0145,5
DXGonOCjTav,behind_the_scenes,0.0386,-1
DSRtCS7jnGX,animal_portrait,0.0023,10
DTINIX7jsOm,animal_portrait,0.0262,9
DVlqdpuofJi,person_portrait,0.0156,12
DVqA9lQCMB3,people_event,0.0173,-1
DVgNyhriNtn,people_event,0.0451,12
DVyJyHCoyal,branding_logo,0.008,12
DSo4NOsDnRq,landscape_scenery,0.0254,0
DW_Y85EldJH,animal_portrait,0.0004,6
DWCAWs1iCox,behind_the_scenes,0.0612,10
DXHHXHCCcgT,behind_the_scenes,0.0144,-1
DXJsM3zibUp,behind_the_scenes,0.0159,6
DWEYm7riHPW,branding_logo,0.0201,13
DXB9wXvkQo4,animal_portrait,0.0058,6
DWD4O7tiJcr,poster_text,0.0441,1
DXMRBetlLiz,animal_portrait,0.0028,6
DXEhT7-jsJy,behind_the_scenes,0.0152,10
DVgLWW3CIDY,behind_the_scenes,0.0236,-1
DWBjc-BiA6-,poster_text,0.027,3
DSKFeTFjnt2,landscape_scenery,0.0043,-1
DXRbK38DM3W,behind_the_scenes,0.0024,10
DXO1x-NCC5k,behind_the_scenes,0.0121,6
DXQrA_0jvq3,people_event,0.0207,12
DTkNTvlF3zS,behind_the_scenes,0.0048,11
DXT_TNoj4Df,animal_portrait,0.0037,6
DW85lspilIK,behind_the_scenes,0.0157,17
DXWkHQnAsRS,animal_portrait,0.003,6
DTK_tKrDXs3,poster_text,0.019,-1
DURDVRDCI32,animal_portrait,0.0291,6
DRgx6pxiByy,landscape_scenery,0.0141,16
DTe830ojmon,behind_the_scenes,0.0238,19
DQ9DYVGjs2Z,people_event,0.0083,10
DSKaIfiFhcS,animal_portrait,0.0207,9
DTH5ocQDAMc,animal_portrait,0.0286,8
DTigcpbjOyn,poster_text,0.0245,2
DTSgXWbDah5,animal_portrait,0.0073,11
DQiqMb_DhnI,animal_portrait,0.0461,9
DRCM9WrjtFb,landscape_scenery,0.01,0
DU-u3Jljsfe,landscape_scenery,0.0177,0
DRT5_MkDmVi,behind_the_scenes,0.0275,10
DROwWkzAbdm,behind_the_scenes,0.0196,-1
DRJmW5KESJY,behind_the_scenes,0.0307,10
DRboXapDRPH,animal_portrait,0.0342,4
DWlpEQZkSwj,animal_portrait,0.0109,6
DQt0XptgQN5,landscape_scenery,0.0345,10
DQ3lMB-CH-Q,animal_portrait,0.0087,11
DQtEQWBjmNA,behind_the_scenes,0.0249,10
DWRCqLyAs94,animal_portrait,0.0208,6
DWk1d0DDHm-,poster_text,0.0146,6
DQ4Hgt0jmeW,landscape_scenery,0.0116,16
DQ6lpEcAAZE,landscape_scenery,0.0545,17
DRj2I1ODuFl,behind_the_scenes,0.0613,-1
DWTncqqigcL,landscape_scenery,0.023,6
DQomPRvDhb2,behind_the_scenes,0.038,-1
DQrRbjNDa8w,behind_the_scenes,0.0393,17
DQyN1z-jWP2,animal_portrait,0.042,9
DRMLifyj68e,animal_portrait,0.0121,11
DWlb2t7FEje,behind_the_scenes,0.0289,6
DRmG7PPDcg3,poster_text,0.0453,2
DSZYkGrjC9V,branding_logo,0.0018,8
DWiVP96AE8O,poster_text,0.0231,6
DSUkrmxDAR0,landscape_scenery,0.0342,-1
DWd6n6mD1JJ,animal_portrait,0.0109,6
DWYxBt2jWH0,behind_the_scenes,0.002,6
DQ_hYO8jUi7,behind_the_scenes,0.0181,-1
DWWMPeZggaK,animal_portrait,0.0065,6
DWbV1NRgceI,behind_the_scenes,0.0468,6
DWjEN2Vk60m,landscape_scenery,0.0036,6
DSsJpdCDG-G,animal_portrait,0.0395,8
DScZSW5jCsp,behind_the_scenes,0.0158,19
DWgLGvxDPxZ,behind_the_scenes,0.0494,6
DSPnMuDDPRG,poster_text,0.0125,8
DSkb8crjN7Y,animal_portrait,0.045,8
DSnAE6BjL8j,behind_the_scenes,0.0165,10
DSpk1urDKtR,animal_portrait,0.0485,8
DQoIZkHDhRS,branding_logo,0.0097,0
DS4mHSFjKnm,landscape_scenery,0.0073,0
DS7R0D8DCQb,person_portrait,0.0284,15
DVMf89JiGPo,person_portrait,0.0131,13
DVX_zeIiLj_,poster_text,0.0205,3
DVYAZe_iKyK,poster_text,0.0354,3
DUHugIJCJJQ,people_event,0.0193,12
DVO6X1fiLN9,poster_text,0.0192,3
DVMfs3aCDL-,landscape_scenery,0.0084,-1
DVRF9_RCMyN,people_event,0.0167,12
DVO6lljjpkF,poster_text,0.0009,13
DWtXeL1ipwh,animal_portrait,0.0192,6
DUYGVM-iN_6,poster_text,0.02,3
DW3qjZfjcDh,animal_portrait,0.0266,6
DWoNzCxChJd,animal_portrait,0.0088,6
DW8ZEQcGmuw,poster_text,0.017,6
DW1FxNZDbnS,behind_the_scenes,0.0003,6
DW6Pc5tFHYE,behind_the_scenes,0.001,6
DWqyl7vlIzO,behind_the_scenes,0.0055,6
DRCT53DAXcY,animal_portrait,0.0003,-1
DS1zuecDLC0,people_event,0.018,14
DRl7hUtgW--,behind_the_scenes,0.0227,-1
DR9lkQmjMsq,landscape_scenery,0.0253,16
DRmBxuCjPTR,behind_the_scenes,0.0188,6
DRtp4TYlAGG,landscape_scenery,0.0174,0
DSErGl1jPiD,animal_portrait,0.0273,8
DV8HsvgjHW4,animal_portrait,0.0209,4
DSKdhqgDD_b,people_event,0.0291,14
DVsocbBDE-3,behind_the_scenes,0.0058,6
DSE1KUcjrcu,person_portrait,0.0343,15
DV3SrNtD80c,behind_the_scenes,0.0023,6
DR4b_cPjF6A,branding_logo,0.0401,-1
DV53hf2Eop2,landscape_scenery,0.0035,6
DRR08Jyiog6,behind_the_scenes,0.0531,10
DSAKbvCjEN5,behind_the_scenes,0.0105,15
DR39HtJgmv4,landscape_scenery,0.0075,16
DWEKr45jLWk,behind_the_scenes,0.0552,6
DRzSbhZDEfq,animal_portrait,0.0178,8
DWL5GC_FZ3M,behind_the_scenes,0.0013,6
DW80StjCdhc,behind_the_scenes,0.0196,6
DV_BFLlAtic,animal_portrait,0.0009,6
DSE4c6ujAu3,poster_text,0.0179,8
DWGc_DrGmla,people_event,0.0075,14
DR1YTLCDIz2,animal_portrait,0.0316,4
DWGve9tjlkE,behind_the_scenes,0.0197,6
DSkSa6hET9N,people_event,0.0315,14
DRhQzupjAyP,animal_portrait,0.0238,7
DWOcsnUDIpz,behind_the_scenes,0.0258,-1
DV8cRb7k5JC,animal_portrait,0.0062,6
DSdJz7fCF4Q,poster_text,0.0361,-1
DSnBI6rCHzY,behind_the_scenes,0.0456,-1
DWJUQOwkd-V,behind_the_scenes,0.0143,6
DSn2EjJiBve,poster_text,0.0442,3
DSS-iu4jtyt,behind_the_scenes,0.0503,-1
DTQjJL5iIl2,poster_text,0.024,3
DTzjeUjCAPj,poster_text,0.0185,3
DTrvR10CNL6,landscape_scenery,0.0222,-1
DWjhZ4BOz6Q,animal_portrait,0.0108,9
DVqBtGKjNAj,behind_the_scenes,0.0783,6
DW9k7GUDah6,animal_portrait,0.0034,5
DT5hZMKCC1d,poster_text,0.036,3
DT_tR4nCL1l,people_event,0.0194,12
DT5U_tKCLTG,landscape_scenery,0.0545,17
DXE-OgWjDbf,animal_portrait,0.0379,4
DVisU9BDETE,animal_portrait,0.0208,6
DRmJOstCBKD,poster_text,0.0508,2
DV0MHPLDsfO,behind_the_scenes,0.0197,10
DVlRHoTjUBR,animal_portrait,0.0222,6
DUqU3urCOlq,people_event,0.0704,18
DUUz0iRDln7,behind_the_scenes,0.0137,10
DVn1_0tkheU,behind_the_scenes,0.0159,6
DWboxZriOr5,behind_the_scenes,0.0241,13
DQt-tMODDgV,behind_the_scenes,0.0542,10
DQ9Ck7CiNTM,animal_portrait,0.0441,11
DSB_StyiP9N,people_event,0.019,12
DQ_nfCKDKZ8,behind_the_scenes,0.0092,-1
DRHaAmiDJXM,animal_portrait,0.0251,8
DQrZ7TJDHjS,animal_portrait,0.0599,8
DSqGNSaDeGo,branding_logo,0.0142,-1
DQoxtvHiEiB,people_event,0.055,18
DSHY-RICNI1,behind_the_scenes,0.0407,-1
DRzUzfEiDhG,person_portrait,0.024,13
DRZYCRciGff,behind_the_scenes,1e-04,14
DRzjbHoCBJj,person_portrait,0.0424,13
DUneNtoiFmf,people_event,0.0206,12
DWjEaq3iB7e,people_event,0.0284,12
DT16QUUjpHs,landscape_scenery,0.0114,0
DTw-cDsjg1M,animal_portrait,0.0345,8
DRCDcjeiPo8,people_event,0.0364,12
DVbS9aUDhBA,behind_the_scenes,0.0284,-1
DRM2T3YjOAm,animal_portrait,0.0448,8
DVJYXnKjRBg,behind_the_scenes,0.0045,11
DRpNNWuiEbq,behind_the_scenes,0.0654,10
DQ_CaSgikVa,people_event,0.0407,18
DWY0epAiNPH,people_event,0.0571,-1
DQg1hw9iKpD,landscape_scenery,0.0281,17
DXEHsmhjlft,behind_the_scenes,0.0382,-1
DS7ycYNDEFD,person_portrait,0.0013,-1
DVqBEnpiMbf,people_event,0.0085,13
DQ1RoI8DCa2,behind_the_scenes,0.0263,11
DT5BcGpDCOg,behind_the_scenes,0.0016,18
DUI6f7uiG8n,person_portrait,0.0327,13
DQwlJwfDWbc,landscape_scenery,0.0676,17
DRe4M-aDIWa,people_event,0.0022,14
DWyg-oLjGQN,landscape_scenery,0.0263,6
DWv8LJvlSEd,behind_the_scenes,0.0058,6
DQoS5CdDHLo,person_portrait,0.0506,15
DXuVGWBCGa5,people_event,0.0717,18
DUhrzlZjphA,behind_the_scenes,0.0528,11
DQ6Ud-djNHm,behind_the_scenes,0.0287,10
DSZ41IKiPsl,behind_the_scenes,0.0255,10
DRwohMGDDYj,behind_the_scenes,0.0204,10
DUDieQziKe2,poster_text,0.041,3
DRRgrmyjLcD,people_event,0.0085,-1
DS9vxx7jGRU,people_event,0.0154,19
DRpNB6jiCEl,poster_text,0.0126,12
